1680959603268	geckodriver	INFO	Listening on 127.0.0.1:49603
1680959603779	mozrunner::runner	INFO	Running command: "/Applications/Firefox.app/Contents/MacOS/firefox-bin" "--marionette" "--headless" "--remote-debugging-port" ... s" "localhost" "-foreground" "-no-remote" "-profile" "/var/folders/zb/lcqftm5j4n1g6kkydhzwt05r0000gn/T/rust_mozprofile01kAoe"
*** You are running in headless mode.
console.warn: services.settings: Ignoring preference override of remote settings server
console.warn: services.settings: Allow by setting MOZ_REMOTE_SETTINGS_DEVTOOLS=1 in the environment
1680959604472	Marionette	INFO	Marionette enabled
1680959604636	Marionette	INFO	Listening on port 49610
Read port: 49610
console.error: "Warning: unrecognized command line flag -remote-allow-hosts\n"
WebDriver BiDi listening on ws://127.0.0.1:49604
1680959605722	RemoteAgent	WARN	TLS certificate errors will be ignored for this session
[GFX1-]: RenderCompositorSWGL failed mapping default framebuffer, no dt
console.warn: SearchSettings: "get: No settings file exists, new profile?" (new NotFoundError("Could not open the file at /var/folders/zb/lcqftm5j4n1g6kkydhzwt05r0000gn/T/rust_mozprofile01kAoe/search.json.mozlz4", (void 0)))
DevTools listening on ws://127.0.0.1:49604/devtools/browser/4d13bec1-d7a6-4805-970e-9fa71d0ca42a
1680959613578	Marionette	INFO	Stopped listening on port 49610
WARNING: A blocker encountered an error while we were waiting.
          Blocker:  Waiting for ping task
          Phase: TelemetryController: Waiting for pending ping activity
          State: (none)
WARNING: Error: Phase "profile-before-change" is finished, it is too late to register completion condition "OS.File: flush I/O queued before profileBeforeChange"
WARNING: addBlocker@resource://gre/modules/AsyncShutdown.sys.mjs:727:15
addBlocker@resource://gre/modules/AsyncShutdown.sys.mjs:523:26
addBlocker@resource://gre/modules/AsyncShutdown.sys.mjs:458:15
setupShutdown@resource://gre/modules/osfile/osfile_async_front.jsm:1548:28
@resource://gre/modules/osfile/osfile_async_front.jsm:1568:16
@resource://gre/modules/osfile.jsm:12:30
@resource://gre/modules/TelemetryStorage.sys.mjs:10:28
_checkPendingPings@resource://gre/modules/TelemetrySend.sys.mjs:863:17
setup@resource://gre/modules/TelemetrySend.sys.mjs:803:18
setup@resource://gre/modules/TelemetrySend.sys.mjs:241:30
setupTelemetry/this._delayedInitTask<@resource://gre/modules/TelemetryControllerParent.sys.mjs:828:36
observe@resource://gre/modules/AsyncShutdown.sys.mjs:576:16

console.error: "TelemetryScheduler.shutdown - Already shut down"
WARNING: A blocker encountered an error while we were waiting.
          Blocker:  Waiting for ping task
          Phase: TelemetryController: Waiting for pending ping activity
          State: (none)
WARNING: Error: Phase "profile-before-change" is finished, it is too late to register completion condition "OS.File: flush I/O queued before profileBeforeChange"
WARNING: addBlocker@resource://gre/modules/AsyncShutdown.sys.mjs:727:15
addBlocker@resource://gre/modules/AsyncShutdown.sys.mjs:523:26
addBlocker@resource://gre/modules/AsyncShutdown.sys.mjs:458:15
setupShutdown@resource://gre/modules/osfile/osfile_async_front.jsm:1548:28
@resource://gre/modules/osfile/osfile_async_front.jsm:1568:16
@resource://gre/modules/osfile.jsm:12:30
@resource://gre/modules/TelemetryStorage.sys.mjs:10:28
_checkPendingPings@resource://gre/modules/TelemetrySend.sys.mjs:863:17
setup@resource://gre/modules/TelemetrySend.sys.mjs:803:18
setup@resource://gre/modules/TelemetrySend.sys.mjs:241:30
setupTelemetry/this._delayedInitTask<@resource://gre/modules/TelemetryControllerParent.sys.mjs:828:36
observe@resource://gre/modules/AsyncShutdown.sys.mjs:576:16

WARNING: A blocker encountered an error while we were waiting.
          Blocker:  Waiting for ping task
          Phase: TelemetryController: Waiting for pending ping activity
          State: (none)
WARNING: Error: Phase "profile-before-change" is finished, it is too late to register completion condition "OS.File: flush I/O queued before profileBeforeChange"
WARNING: addBlocker@resource://gre/modules/AsyncShutdown.sys.mjs:727:15
addBlocker@resource://gre/modules/AsyncShutdown.sys.mjs:523:26
addBlocker@resource://gre/modules/AsyncShutdown.sys.mjs:458:15
setupShutdown@resource://gre/modules/osfile/osfile_async_front.jsm:1548:28
@resource://gre/modules/osfile/osfile_async_front.jsm:1568:16
@resource://gre/modules/osfile.jsm:12:30
@resource://gre/modules/TelemetryStorage.sys.mjs:10:28
_checkPendingPings@resource://gre/modules/TelemetrySend.sys.mjs:863:17
setup@resource://gre/modules/TelemetrySend.sys.mjs:803:18
setup@resource://gre/modules/TelemetrySend.sys.mjs:241:30
setupTelemetry/this._delayedInitTask<@resource://gre/modules/TelemetryControllerParent.sys.mjs:828:36
observe@resource://gre/modules/AsyncShutdown.sys.mjs:576:16

WARNING: A blocker encountered an error while we were waiting.
          Blocker:  TelemetryController: shutting down
          Phase: profile-before-change-telemetry
          State: Error getting state: Error: Phase "profile-before-change" is finished, it is too late to register completion condition "OS.File: flush I/O queued before profileBeforeChange" at addBlocker@resource://gre/modules/AsyncShutdown.sys.mjs:727:15
addBlocker@resource://gre/modules/AsyncShutdown.sys.mjs:523:26
addBlocker@resource://gre/modules/AsyncShutdown.sys.mjs:458:15
setupShutdown@resource://gre/modules/osfile/osfile_async_front.jsm:1548:28
@resource://gre/modules/osfile/osfile_async_front.jsm:1568:16
@resource://gre/modules/osfile.jsm:12:30
@resource://gre/modules/TelemetryStorage.sys.mjs:10:28
_checkPendingPings@resource://gre/modules/TelemetrySend.sys.mjs:863:17
setup@resource://gre/modules/TelemetrySend.sys.mjs:803:18
setup@resource://gre/modules/TelemetrySend.sys.mjs:241:30
setupTelemetry/this._delayedInitTask<@resource://gre/modules/TelemetryControllerParent.sys.mjs:828:36
observe@resource://gre/modules/AsyncShutdown.sys.mjs:576:16

WARNING: Error: Phase "profile-before-change" is finished, it is too late to register completion condition "OS.File: flush I/O queued before profileBeforeChange"
WARNING: addBlocker@resource://gre/modules/AsyncShutdown.sys.mjs:727:15
addBlocker@resource://gre/modules/AsyncShutdown.sys.mjs:523:26
addBlocker@resource://gre/modules/AsyncShutdown.sys.mjs:458:15
setupShutdown@resource://gre/modules/osfile/osfile_async_front.jsm:1548:28
@resource://gre/modules/osfile/osfile_async_front.jsm:1568:16
@resource://gre/modules/osfile.jsm:12:30
@resource://gre/modules/TelemetryStorage.sys.mjs:10:28
_checkPendingPings@resource://gre/modules/TelemetrySend.sys.mjs:863:17
setup@resource://gre/modules/TelemetrySend.sys.mjs:803:18
setup@resource://gre/modules/TelemetrySend.sys.mjs:241:30
setupTelemetry/this._delayedInitTask<@resource://gre/modules/TelemetryControllerParent.sys.mjs:828:36
observe@resource://gre/modules/AsyncShutdown.sys.mjs:576:16

JavaScript error: resource://gre/modules/AsyncShutdown.sys.mjs, line 727: Error: Phase "profile-before-change" is finished, it is too late to register completion condition "OS.File: flush I/O queued before profileBeforeChange"
JavaScript error: resource://gre/modules/AsyncShutdown.sys.mjs, line 727: Error: Phase "profile-before-change" is finished, it is too late to register completion condition "OS.File: flush I/O queued before profileBeforeChange"
JavaScript error: resource://gre/modules/AsyncShutdown.sys.mjs, line 727: Error: Phase "profile-before-change" is finished, it is too late to register completion condition "OS.File: flush I/O queued before profileBeforeChange"
JavaScript error: resource://gre/modules/AsyncShutdown.sys.mjs, line 727: Error: Phase "profile-before-change" is finished, it is too late to register completion condition "OS.File: flush I/O queued before profileBeforeChange"
JavaScript error: resource://gre/modules/AsyncShutdown.sys.mjs, line 727: Error: Phase "profile-before-change" is finished, it is too late to register completion condition "OS.File: flush I/O queued before profileBeforeChange"
JavaScript error: resource://gre/modules/AsyncShutdown.sys.mjs, line 727: Error: Phase "profile-before-change" is finished, it is too late to register completion condition "OS.File: flush I/O queued before profileBeforeChange"
1680963947163	geckodriver	INFO	Listening on 127.0.0.1:53188
1680963947202	mozrunner::runner	INFO	Running command: "/Applications/Firefox.app/Contents/MacOS/firefox-bin" "--marionette" "--headless" "--remote-debugging-port" ... s" "localhost" "-foreground" "-no-remote" "-profile" "/var/folders/zb/lcqftm5j4n1g6kkydhzwt05r0000gn/T/rust_mozprofileVUkf08"
*** You are running in headless mode.
console.warn: services.settings: Ignoring preference override of remote settings server
console.warn: services.settings: Allow by setting MOZ_REMOTE_SETTINGS_DEVTOOLS=1 in the environment
1680963948048	Marionette	INFO	Marionette enabled
1680963948235	Marionette	INFO	Listening on port 53192
Read port: 53192
console.error: "Warning: unrecognized command line flag -remote-allow-hosts\n"
WebDriver BiDi listening on ws://127.0.0.1:53189
1680963948720	RemoteAgent	WARN	TLS certificate errors will be ignored for this session
[GFX1-]: RenderCompositorSWGL failed mapping default framebuffer, no dt
console.warn: SearchSettings: "get: No settings file exists, new profile?" (new NotFoundError("Could not open the file at /var/folders/zb/lcqftm5j4n1g6kkydhzwt05r0000gn/T/rust_mozprofileVUkf08/search.json.mozlz4", (void 0)))
DevTools listening on ws://127.0.0.1:53189/devtools/browser/a6442f8b-9edd-4ba4-8803-cacf01437b34
JavaScript warning: http://owasp.local/jquery.min.js, line 19: unreachable code after return statement
1680963955739	Marionette	INFO	Stopped listening on port 53192
WARNING: A blocker encountered an error while we were waiting.
          Blocker:  Waiting for ping task
          Phase: TelemetryController: Waiting for pending ping activity
          State: (none)
WARNING: Error: Phase "profile-before-change" is finished, it is too late to register completion condition "OS.File: flush I/O queued before profileBeforeChange"
WARNING: addBlocker@resource://gre/modules/AsyncShutdown.sys.mjs:727:15
addBlocker@resource://gre/modules/AsyncShutdown.sys.mjs:523:26
addBlocker@resource://gre/modules/AsyncShutdown.sys.mjs:458:15
setupShutdown@resource://gre/modules/osfile/osfile_async_front.jsm:1548:28
@resource://gre/modules/osfile/osfile_async_front.jsm:1568:16
@resource://gre/modules/osfile.jsm:12:30
@resource://gre/modules/TelemetryStorage.sys.mjs:10:28
_checkPendingPings@resource://gre/modules/TelemetrySend.sys.mjs:863:17
setup@resource://gre/modules/TelemetrySend.sys.mjs:803:18
setup@resource://gre/modules/TelemetrySend.sys.mjs:241:30
setupTelemetry/this._delayedInitTask<@resource://gre/modules/TelemetryControllerParent.sys.mjs:828:36
observe@resource://gre/modules/AsyncShutdown.sys.mjs:576:16

console.error: "TelemetryScheduler.shutdown - Already shut down"
WARNING: A blocker encountered an error while we were waiting.
          Blocker:  Waiting for ping task
          Phase: TelemetryController: Waiting for pending ping activity
          State: (none)
WARNING: Error: Phase "profile-before-change" is finished, it is too late to register completion condition "OS.File: flush I/O queued before profileBeforeChange"
WARNING: addBlocker@resource://gre/modules/AsyncShutdown.sys.mjs:727:15
addBlocker@resource://gre/modules/AsyncShutdown.sys.mjs:523:26
addBlocker@resource://gre/modules/AsyncShutdown.sys.mjs:458:15
setupShutdown@resource://gre/modules/osfile/osfile_async_front.jsm:1548:28
@resource://gre/modules/osfile/osfile_async_front.jsm:1568:16
@resource://gre/modules/osfile.jsm:12:30
@resource://gre/modules/TelemetryStorage.sys.mjs:10:28
_checkPendingPings@resource://gre/modules/TelemetrySend.sys.mjs:863:17
setup@resource://gre/modules/TelemetrySend.sys.mjs:803:18
setup@resource://gre/modules/TelemetrySend.sys.mjs:241:30
setupTelemetry/this._delayedInitTask<@resource://gre/modules/TelemetryControllerParent.sys.mjs:828:36
observe@resource://gre/modules/AsyncShutdown.sys.mjs:576:16

WARNING: A blocker encountered an error while we were waiting.
          Blocker:  Waiting for ping task
          Phase: TelemetryController: Waiting for pending ping activity
          State: (none)
WARNING: Error: Phase "profile-before-change" is finished, it is too late to register completion condition "OS.File: flush I/O queued before profileBeforeChange"
WARNING: addBlocker@resource://gre/modules/AsyncShutdown.sys.mjs:727:15
addBlocker@resource://gre/modules/AsyncShutdown.sys.mjs:523:26
addBlocker@resource://gre/modules/AsyncShutdown.sys.mjs:458:15
setupShutdown@resource://gre/modules/osfile/osfile_async_front.jsm:1548:28
@resource://gre/modules/osfile/osfile_async_front.jsm:1568:16
@resource://gre/modules/osfile.jsm:12:30
@resource://gre/modules/TelemetryStorage.sys.mjs:10:28
_checkPendingPings@resource://gre/modules/TelemetrySend.sys.mjs:863:17
setup@resource://gre/modules/TelemetrySend.sys.mjs:803:18
setup@resource://gre/modules/TelemetrySend.sys.mjs:241:30
setupTelemetry/this._delayedInitTask<@resource://gre/modules/TelemetryControllerParent.sys.mjs:828:36
observe@resource://gre/modules/AsyncShutdown.sys.mjs:576:16

WARNING: A blocker encountered an error while we were waiting.
          Blocker:  TelemetryController: shutting down
          Phase: profile-before-change-telemetry
          State: Error getting state: Error: Phase "profile-before-change" is finished, it is too late to register completion condition "OS.File: flush I/O queued before profileBeforeChange" at addBlocker@resource://gre/modules/AsyncShutdown.sys.mjs:727:15
addBlocker@resource://gre/modules/AsyncShutdown.sys.mjs:523:26
addBlocker@resource://gre/modules/AsyncShutdown.sys.mjs:458:15
setupShutdown@resource://gre/modules/osfile/osfile_async_front.jsm:1548:28
@resource://gre/modules/osfile/osfile_async_front.jsm:1568:16
@resource://gre/modules/osfile.jsm:12:30
@resource://gre/modules/TelemetryStorage.sys.mjs:10:28
_checkPendingPings@resource://gre/modules/TelemetrySend.sys.mjs:863:17
setup@resource://gre/modules/TelemetrySend.sys.mjs:803:18
setup@resource://gre/modules/TelemetrySend.sys.mjs:241:30
setupTelemetry/this._delayedInitTask<@resource://gre/modules/TelemetryControllerParent.sys.mjs:828:36
observe@resource://gre/modules/AsyncShutdown.sys.mjs:576:16

WARNING: Error: Phase "profile-before-change" is finished, it is too late to register completion condition "OS.File: flush I/O queued before profileBeforeChange"
WARNING: addBlocker@resource://gre/modules/AsyncShutdown.sys.mjs:727:15
addBlocker@resource://gre/modules/AsyncShutdown.sys.mjs:523:26
addBlocker@resource://gre/modules/AsyncShutdown.sys.mjs:458:15
setupShutdown@resource://gre/modules/osfile/osfile_async_front.jsm:1548:28
@resource://gre/modules/osfile/osfile_async_front.jsm:1568:16
@resource://gre/modules/osfile.jsm:12:30
@resource://gre/modules/TelemetryStorage.sys.mjs:10:28
_checkPendingPings@resource://gre/modules/TelemetrySend.sys.mjs:863:17
setup@resource://gre/modules/TelemetrySend.sys.mjs:803:18
setup@resource://gre/modules/TelemetrySend.sys.mjs:241:30
setupTelemetry/this._delayedInitTask<@resource://gre/modules/TelemetryControllerParent.sys.mjs:828:36
observe@resource://gre/modules/AsyncShutdown.sys.mjs:576:16

JavaScript error: resource://gre/modules/AsyncShutdown.sys.mjs, line 727: Error: Phase "profile-before-change" is finished, it is too late to register completion condition "OS.File: flush I/O queued before profileBeforeChange"
JavaScript error: resource://gre/modules/AsyncShutdown.sys.mjs, line 727: Error: Phase "profile-before-change" is finished, it is too late to register completion condition "OS.File: flush I/O queued before profileBeforeChange"
JavaScript error: resource://gre/modules/AsyncShutdown.sys.mjs, line 727: Error: Phase "profile-before-change" is finished, it is too late to register completion condition "OS.File: flush I/O queued before profileBeforeChange"
JavaScript error: resource://gre/modules/AsyncShutdown.sys.mjs, line 727: Error: Phase "profile-before-change" is finished, it is too late to register completion condition "OS.File: flush I/O queued before profileBeforeChange"
JavaScript error: resource://gre/modules/AsyncShutdown.sys.mjs, line 727: Error: Phase "profile-before-change" is finished, it is too late to register completion condition "OS.File: flush I/O queued before profileBeforeChange"
JavaScript error: resource://gre/modules/AsyncShutdown.sys.mjs, line 727: Error: Phase "profile-before-change" is finished, it is too late to register completion condition "OS.File: flush I/O queued before profileBeforeChange"
1680967486322	geckodriver	INFO	Listening on 127.0.0.1:55295
1680967486836	mozrunner::runner	INFO	Running command: "/Applications/Firefox.app/Contents/MacOS/firefox-bin" "--marionette" "--headless" "--remote-debugging-port" ... s" "localhost" "-foreground" "-no-remote" "-profile" "/var/folders/zb/lcqftm5j4n1g6kkydhzwt05r0000gn/T/rust_mozprofilelEF75I"
*** You are running in headless mode.
console.warn: services.settings: Ignoring preference override of remote settings server
console.warn: services.settings: Allow by setting MOZ_REMOTE_SETTINGS_DEVTOOLS=1 in the environment
1680967487891	Marionette	INFO	Marionette enabled
1680967488096	Marionette	INFO	Listening on port 55301
Read port: 55301
console.error: "Warning: unrecognized command line flag -remote-allow-hosts\n"
WebDriver BiDi listening on ws://127.0.0.1:55296
1680967488608	RemoteAgent	WARN	TLS certificate errors will be ignored for this session
[GFX1-]: RenderCompositorSWGL failed mapping default framebuffer, no dt
console.warn: SearchSettings: "get: No settings file exists, new profile?" (new NotFoundError("Could not open the file at /var/folders/zb/lcqftm5j4n1g6kkydhzwt05r0000gn/T/rust_mozprofilelEF75I/search.json.mozlz4", (void 0)))
DevTools listening on ws://127.0.0.1:55296/devtools/browser/cdd89406-29e7-4787-a0d9-3dd8a3b15f00
1681128458418	geckodriver	INFO	Listening on 127.0.0.1:59078
1681128459488	mozrunner::runner	INFO	Running command: "/Applications/Firefox.app/Contents/MacOS/firefox-bin" "--marionette" "--headless" "--remote-debugging-port" ... s" "localhost" "-foreground" "-no-remote" "-profile" "/var/folders/zb/lcqftm5j4n1g6kkydhzwt05r0000gn/T/rust_mozprofileXrClXw"
*** You are running in headless mode.
console.warn: services.settings: Ignoring preference override of remote settings server
console.warn: services.settings: Allow by setting MOZ_REMOTE_SETTINGS_DEVTOOLS=1 in the environment
1681128460632	Marionette	INFO	Marionette enabled
1681128460722	Marionette	INFO	Listening on port 59086
Read port: 59086
console.error: "Warning: unrecognized command line flag -remote-allow-hosts\n"
WebDriver BiDi listening on ws://127.0.0.1:59079
1681128461382	RemoteAgent	WARN	TLS certificate errors will be ignored for this session
[GFX1-]: RenderCompositorSWGL failed mapping default framebuffer, no dt
console.warn: SearchSettings: "get: No settings file exists, new profile?" (new NotFoundError("Could not open the file at /var/folders/zb/lcqftm5j4n1g6kkydhzwt05r0000gn/T/rust_mozprofileXrClXw/search.json.mozlz4", (void 0)))
DevTools listening on ws://127.0.0.1:59079/devtools/browser/21b55efd-94e9-40cc-a0cb-65225738ec19
JavaScript error: http://owasp.local/wordpress/wp-includes/js/tinymce/tiny_mce_popup.js, line 98: TypeError: tinyMCE is null
JavaScript error: http://owasp.local/wordpress/wp-includes/js/tinymce/tiny_mce_popup.js, line 98: TypeError: tinyMCE is null
JavaScript error: http://owasp.local/wordpress/wp-includes/js/tinymce/themes/advanced/jscripts/color_picker.js, line 83: TypeError: tinyMCE is null
JavaScript error: http://owasp.local/wordpress/wp-includes/js/tinymce/tiny_mce_popup.js, line 98: TypeError: tinyMCE is null
JavaScript error: http://owasp.local/wordpress/wp-includes/js/tinymce/tiny_mce_popup.js, line 98: TypeError: tinyMCE is null
JavaScript warning: http://owasp.local/wordpress/wp-includes/js/tinymce/utils/form_utils.js, line 117: unreachable code after return statement
JavaScript error: http://owasp.local/wordpress/wp-includes/js/tinymce/themes/advanced/jscripts/image.js, line 1: TypeError: tinyMCE is null
JavaScript error: http://owasp.local/wordpress/wp-includes/js/tinymce/tiny_mce_popup.js, line 98: TypeError: tinyMCE is null
JavaScript warning: http://owasp.local/wordpress/wp-includes/js/tinymce/utils/form_utils.js, line 117: unreachable code after return statement
JavaScript error: http://owasp.local/wordpress/wp-includes/js/tinymce/themes/advanced/jscripts/link.js, line 1: TypeError: tinyMCE is null
JavaScript error: http://owasp.local/wordpress/wp-includes/js/tinymce/themes/advanced/link.htm, line 72: TypeError: tinyMCE is null
JavaScript error: http://owasp.local/wordpress/wp-includes/js/tinymce/tiny_mce_popup.js, line 98: TypeError: tinyMCE is null
JavaScript warning: http://owasp.local/wordpress/wp-includes/js/tinymce/themes/advanced/jscripts/source_editor.js, line 11: unreachable code after return statement
JavaScript error: http://owasp.local/wordpress/wp-includes/js/tinymce/themes/advanced/jscripts/source_editor.js, line 54: TypeError: tinyMCE is null
JavaScript error: http://owasp.local/wordpress/wp-includes/js/tinymce/tiny_mce_popup.js, line 98: TypeError: tinyMCE is null
1681128475913	Marionette	INFO	Stopped listening on port 59086
WARNING: A blocker encountered an error while we were waiting.
          Blocker:  Waiting for ping task
          Phase: TelemetryController: Waiting for pending ping activity
          State: (none)
WARNING: Error: Phase "profile-before-change" is finished, it is too late to register completion condition "OS.File: flush I/O queued before profileBeforeChange"
WARNING: addBlocker@resource://gre/modules/AsyncShutdown.sys.mjs:727:15
addBlocker@resource://gre/modules/AsyncShutdown.sys.mjs:523:26
addBlocker@resource://gre/modules/AsyncShutdown.sys.mjs:458:15
setupShutdown@resource://gre/modules/osfile/osfile_async_front.jsm:1548:28
@resource://gre/modules/osfile/osfile_async_front.jsm:1568:16
@resource://gre/modules/osfile.jsm:12:30
@resource://gre/modules/TelemetryStorage.sys.mjs:10:28
_checkPendingPings@resource://gre/modules/TelemetrySend.sys.mjs:863:17
setup@resource://gre/modules/TelemetrySend.sys.mjs:803:18
setup@resource://gre/modules/TelemetrySend.sys.mjs:241:30
setupTelemetry/this._delayedInitTask<@resource://gre/modules/TelemetryControllerParent.sys.mjs:828:36
observe@resource://gre/modules/AsyncShutdown.sys.mjs:576:16

console.error: "TelemetryScheduler.shutdown - Already shut down"
WARNING: A blocker encountered an error while we were waiting.
          Blocker:  Waiting for ping task
          Phase: TelemetryController: Waiting for pending ping activity
          State: (none)
WARNING: Error: Phase "profile-before-change" is finished, it is too late to register completion condition "OS.File: flush I/O queued before profileBeforeChange"
WARNING: addBlocker@resource://gre/modules/AsyncShutdown.sys.mjs:727:15
addBlocker@resource://gre/modules/AsyncShutdown.sys.mjs:523:26
addBlocker@resource://gre/modules/AsyncShutdown.sys.mjs:458:15
setupShutdown@resource://gre/modules/osfile/osfile_async_front.jsm:1548:28
@resource://gre/modules/osfile/osfile_async_front.jsm:1568:16
@resource://gre/modules/osfile.jsm:12:30
@resource://gre/modules/TelemetryStorage.sys.mjs:10:28
_checkPendingPings@resource://gre/modules/TelemetrySend.sys.mjs:863:17
setup@resource://gre/modules/TelemetrySend.sys.mjs:803:18
setup@resource://gre/modules/TelemetrySend.sys.mjs:241:30
setupTelemetry/this._delayedInitTask<@resource://gre/modules/TelemetryControllerParent.sys.mjs:828:36
observe@resource://gre/modules/AsyncShutdown.sys.mjs:576:16

WARNING: A blocker encountered an error while we were waiting.
          Blocker:  Waiting for ping task
          Phase: TelemetryController: Waiting for pending ping activity
          State: (none)
WARNING: Error: Phase "profile-before-change" is finished, it is too late to register completion condition "OS.File: flush I/O queued before profileBeforeChange"
WARNING: addBlocker@resource://gre/modules/AsyncShutdown.sys.mjs:727:15
addBlocker@resource://gre/modules/AsyncShutdown.sys.mjs:523:26
addBlocker@resource://gre/modules/AsyncShutdown.sys.mjs:458:15
setupShutdown@resource://gre/modules/osfile/osfile_async_front.jsm:1548:28
@resource://gre/modules/osfile/osfile_async_front.jsm:1568:16
@resource://gre/modules/osfile.jsm:12:30
@resource://gre/modules/TelemetryStorage.sys.mjs:10:28
_checkPendingPings@resource://gre/modules/TelemetrySend.sys.mjs:863:17
setup@resource://gre/modules/TelemetrySend.sys.mjs:803:18
setup@resource://gre/modules/TelemetrySend.sys.mjs:241:30
setupTelemetry/this._delayedInitTask<@resource://gre/modules/TelemetryControllerParent.sys.mjs:828:36
observe@resource://gre/modules/AsyncShutdown.sys.mjs:576:16

WARNING: A blocker encountered an error while we were waiting.
          Blocker:  TelemetryController: shutting down
          Phase: profile-before-change-telemetry
          State: Error getting state: Error: Phase "profile-before-change" is finished, it is too late to register completion condition "OS.File: flush I/O queued before profileBeforeChange" at addBlocker@resource://gre/modules/AsyncShutdown.sys.mjs:727:15
addBlocker@resource://gre/modules/AsyncShutdown.sys.mjs:523:26
addBlocker@resource://gre/modules/AsyncShutdown.sys.mjs:458:15
setupShutdown@resource://gre/modules/osfile/osfile_async_front.jsm:1548:28
@resource://gre/modules/osfile/osfile_async_front.jsm:1568:16
@resource://gre/modules/osfile.jsm:12:30
@resource://gre/modules/TelemetryStorage.sys.mjs:10:28
_checkPendingPings@resource://gre/modules/TelemetrySend.sys.mjs:863:17
setup@resource://gre/modules/TelemetrySend.sys.mjs:803:18
setup@resource://gre/modules/TelemetrySend.sys.mjs:241:30
setupTelemetry/this._delayedInitTask<@resource://gre/modules/TelemetryControllerParent.sys.mjs:828:36
observe@resource://gre/modules/AsyncShutdown.sys.mjs:576:16

WARNING: Error: Phase "profile-before-change" is finished, it is too late to register completion condition "OS.File: flush I/O queued before profileBeforeChange"
WARNING: addBlocker@resource://gre/modules/AsyncShutdown.sys.mjs:727:15
addBlocker@resource://gre/modules/AsyncShutdown.sys.mjs:523:26
addBlocker@resource://gre/modules/AsyncShutdown.sys.mjs:458:15
setupShutdown@resource://gre/modules/osfile/osfile_async_front.jsm:1548:28
@resource://gre/modules/osfile/osfile_async_front.jsm:1568:16
@resource://gre/modules/osfile.jsm:12:30
@resource://gre/modules/TelemetryStorage.sys.mjs:10:28
_checkPendingPings@resource://gre/modules/TelemetrySend.sys.mjs:863:17
setup@resource://gre/modules/TelemetrySend.sys.mjs:803:18
setup@resource://gre/modules/TelemetrySend.sys.mjs:241:30
setupTelemetry/this._delayedInitTask<@resource://gre/modules/TelemetryControllerParent.sys.mjs:828:36
observe@resource://gre/modules/AsyncShutdown.sys.mjs:576:16

JavaScript error: resource://gre/modules/AsyncShutdown.sys.mjs, line 727: Error: Phase "profile-before-change" is finished, it is too late to register completion condition "OS.File: flush I/O queued before profileBeforeChange"
JavaScript error: resource://gre/modules/AsyncShutdown.sys.mjs, line 727: Error: Phase "profile-before-change" is finished, it is too late to register completion condition "OS.File: flush I/O queued before profileBeforeChange"
JavaScript error: resource://gre/modules/AsyncShutdown.sys.mjs, line 727: Error: Phase "profile-before-change" is finished, it is too late to register completion condition "OS.File: flush I/O queued before profileBeforeChange"
JavaScript error: resource://gre/modules/AsyncShutdown.sys.mjs, line 727: Error: Phase "profile-before-change" is finished, it is too late to register completion condition "OS.File: flush I/O queued before profileBeforeChange"
JavaScript error: resource://gre/modules/AsyncShutdown.sys.mjs, line 727: Error: Phase "profile-before-change" is finished, it is too late to register completion condition "OS.File: flush I/O queued before profileBeforeChange"
JavaScript error: resource://gre/modules/AsyncShutdown.sys.mjs, line 727: Error: Phase "profile-before-change" is finished, it is too late to register completion condition "OS.File: flush I/O queued before profileBeforeChange"
1681195888064	geckodriver	INFO	Listening on 127.0.0.1:53158
1681195888330	mozrunner::runner	INFO	Running command: "/Applications/Firefox.app/Contents/MacOS/firefox-bin" "--marionette" "--headless" "--remote-debugging-port" ... s" "localhost" "-foreground" "-no-remote" "-profile" "/var/folders/zb/lcqftm5j4n1g6kkydhzwt05r0000gn/T/rust_mozprofilez1kVuu"
*** You are running in headless mode.
console.warn: services.settings: Ignoring preference override of remote settings server
console.warn: services.settings: Allow by setting MOZ_REMOTE_SETTINGS_DEVTOOLS=1 in the environment
1681195889044	Marionette	INFO	Marionette enabled
1681195889146	Marionette	INFO	Listening on port 53166
console.error: "Warning: unrecognized command line flag -remote-allow-hosts\n"
Read port: 53166
WebDriver BiDi listening on ws://127.0.0.1:53159
1681195889505	RemoteAgent	WARN	TLS certificate errors will be ignored for this session
[GFX1-]: RenderCompositorSWGL failed mapping default framebuffer, no dt
console.warn: SearchSettings: "get: No settings file exists, new profile?" (new NotFoundError("Could not open the file at /var/folders/zb/lcqftm5j4n1g6kkydhzwt05r0000gn/T/rust_mozprofilez1kVuu/search.json.mozlz4", (void 0)))
DevTools listening on ws://127.0.0.1:53159/devtools/browser/5f6f7483-e6a2-4da8-90dc-a3499e2269f9
JavaScript error: http://owasp.local/wordpress/wp-includes/js/tinymce/tiny_mce_popup.js, line 98: TypeError: tinyMCE is null
JavaScript error: http://owasp.local/wordpress/wp-includes/js/tinymce/tiny_mce_popup.js, line 98: TypeError: tinyMCE is null
JavaScript error: http://owasp.local/wordpress/wp-includes/js/tinymce/tiny_mce_popup.js, line 98: TypeError: tinyMCE is null
JavaScript error: http://owasp.local/wordpress/wp-includes/js/tinymce/themes/advanced/jscripts/color_picker.js, line 83: TypeError: tinyMCE is null
JavaScript error: http://owasp.local/wordpress/wp-includes/js/tinymce/tiny_mce_popup.js, line 98: TypeError: tinyMCE is null
JavaScript warning: http://owasp.local/wordpress/wp-includes/js/tinymce/utils/form_utils.js, line 117: unreachable code after return statement
JavaScript error: http://owasp.local/wordpress/wp-includes/js/tinymce/themes/advanced/jscripts/image.js, line 1: TypeError: tinyMCE is null
JavaScript error: http://owasp.local/wordpress/wp-includes/js/tinymce/tiny_mce_popup.js, line 98: TypeError: tinyMCE is null
JavaScript warning: http://owasp.local/wordpress/wp-includes/js/tinymce/utils/form_utils.js, line 117: unreachable code after return statement
JavaScript error: http://owasp.local/wordpress/wp-includes/js/tinymce/themes/advanced/jscripts/link.js, line 1: TypeError: tinyMCE is null
JavaScript error: http://owasp.local/wordpress/wp-includes/js/tinymce/themes/advanced/link.htm, line 72: TypeError: tinyMCE is null
JavaScript error: http://owasp.local/wordpress/wp-includes/js/tinymce/tiny_mce_popup.js, line 98: TypeError: tinyMCE is null
JavaScript warning: http://owasp.local/wordpress/wp-includes/js/tinymce/themes/advanced/jscripts/source_editor.js, line 11: unreachable code after return statement
JavaScript error: http://owasp.local/wordpress/wp-includes/js/tinymce/themes/advanced/jscripts/source_editor.js, line 54: TypeError: tinyMCE is null
JavaScript error: http://owasp.local/wordpress/wp-includes/js/tinymce/tiny_mce_popup.js, line 98: TypeError: tinyMCE is null
1681195899854	Marionette	INFO	Stopped listening on port 53166
WARNING: A blocker encountered an error while we were waiting.
          Blocker:  Waiting for ping task
          Phase: TelemetryController: Waiting for pending ping activity
          State: (none)
WARNING: Error: Phase "profile-before-change" is finished, it is too late to register completion condition "OS.File: flush I/O queued before profileBeforeChange"
WARNING: addBlocker@resource://gre/modules/AsyncShutdown.sys.mjs:727:15
addBlocker@resource://gre/modules/AsyncShutdown.sys.mjs:523:26
addBlocker@resource://gre/modules/AsyncShutdown.sys.mjs:458:15
setupShutdown@resource://gre/modules/osfile/osfile_async_front.jsm:1548:28
@resource://gre/modules/osfile/osfile_async_front.jsm:1568:16
@resource://gre/modules/osfile.jsm:12:30
@resource://gre/modules/TelemetryStorage.sys.mjs:10:28
_checkPendingPings@resource://gre/modules/TelemetrySend.sys.mjs:863:17
setup@resource://gre/modules/TelemetrySend.sys.mjs:803:18
setup@resource://gre/modules/TelemetrySend.sys.mjs:241:30
setupTelemetry/this._delayedInitTask<@resource://gre/modules/TelemetryControllerParent.sys.mjs:828:36
observe@resource://gre/modules/AsyncShutdown.sys.mjs:576:16

console.error: "TelemetryScheduler.shutdown - Already shut down"
WARNING: A blocker encountered an error while we were waiting.
          Blocker:  Waiting for ping task
          Phase: TelemetryController: Waiting for pending ping activity
          State: (none)
WARNING: Error: Phase "profile-before-change" is finished, it is too late to register completion condition "OS.File: flush I/O queued before profileBeforeChange"
WARNING: addBlocker@resource://gre/modules/AsyncShutdown.sys.mjs:727:15
addBlocker@resource://gre/modules/AsyncShutdown.sys.mjs:523:26
addBlocker@resource://gre/modules/AsyncShutdown.sys.mjs:458:15
setupShutdown@resource://gre/modules/osfile/osfile_async_front.jsm:1548:28
@resource://gre/modules/osfile/osfile_async_front.jsm:1568:16
@resource://gre/modules/osfile.jsm:12:30
@resource://gre/modules/TelemetryStorage.sys.mjs:10:28
_checkPendingPings@resource://gre/modules/TelemetrySend.sys.mjs:863:17
setup@resource://gre/modules/TelemetrySend.sys.mjs:803:18
setup@resource://gre/modules/TelemetrySend.sys.mjs:241:30
setupTelemetry/this._delayedInitTask<@resource://gre/modules/TelemetryControllerParent.sys.mjs:828:36
observe@resource://gre/modules/AsyncShutdown.sys.mjs:576:16

WARNING: A blocker encountered an error while we were waiting.
          Blocker:  Waiting for ping task
          Phase: TelemetryController: Waiting for pending ping activity
          State: (none)
WARNING: Error: Phase "profile-before-change" is finished, it is too late to register completion condition "OS.File: flush I/O queued before profileBeforeChange"
WARNING: addBlocker@resource://gre/modules/AsyncShutdown.sys.mjs:727:15
addBlocker@resource://gre/modules/AsyncShutdown.sys.mjs:523:26
addBlocker@resource://gre/modules/AsyncShutdown.sys.mjs:458:15
setupShutdown@resource://gre/modules/osfile/osfile_async_front.jsm:1548:28
@resource://gre/modules/osfile/osfile_async_front.jsm:1568:16
@resource://gre/modules/osfile.jsm:12:30
@resource://gre/modules/TelemetryStorage.sys.mjs:10:28
_checkPendingPings@resource://gre/modules/TelemetrySend.sys.mjs:863:17
setup@resource://gre/modules/TelemetrySend.sys.mjs:803:18
setup@resource://gre/modules/TelemetrySend.sys.mjs:241:30
setupTelemetry/this._delayedInitTask<@resource://gre/modules/TelemetryControllerParent.sys.mjs:828:36
observe@resource://gre/modules/AsyncShutdown.sys.mjs:576:16

WARNING: A blocker encountered an error while we were waiting.
          Blocker:  TelemetryController: shutting down
          Phase: profile-before-change-telemetry
          State: Error getting state: Error: Phase "profile-before-change" is finished, it is too late to register completion condition "OS.File: flush I/O queued before profileBeforeChange" at addBlocker@resource://gre/modules/AsyncShutdown.sys.mjs:727:15
addBlocker@resource://gre/modules/AsyncShutdown.sys.mjs:523:26
addBlocker@resource://gre/modules/AsyncShutdown.sys.mjs:458:15
setupShutdown@resource://gre/modules/osfile/osfile_async_front.jsm:1548:28
@resource://gre/modules/osfile/osfile_async_front.jsm:1568:16
@resource://gre/modules/osfile.jsm:12:30
@resource://gre/modules/TelemetryStorage.sys.mjs:10:28
_checkPendingPings@resource://gre/modules/TelemetrySend.sys.mjs:863:17
setup@resource://gre/modules/TelemetrySend.sys.mjs:803:18
setup@resource://gre/modules/TelemetrySend.sys.mjs:241:30
setupTelemetry/this._delayedInitTask<@resource://gre/modules/TelemetryControllerParent.sys.mjs:828:36
observe@resource://gre/modules/AsyncShutdown.sys.mjs:576:16

WARNING: Error: Phase "profile-before-change" is finished, it is too late to register completion condition "OS.File: flush I/O queued before profileBeforeChange"
WARNING: addBlocker@resource://gre/modules/AsyncShutdown.sys.mjs:727:15
addBlocker@resource://gre/modules/AsyncShutdown.sys.mjs:523:26
addBlocker@resource://gre/modules/AsyncShutdown.sys.mjs:458:15
setupShutdown@resource://gre/modules/osfile/osfile_async_front.jsm:1548:28
@resource://gre/modules/osfile/osfile_async_front.jsm:1568:16
@resource://gre/modules/osfile.jsm:12:30
@resource://gre/modules/TelemetryStorage.sys.mjs:10:28
_checkPendingPings@resource://gre/modules/TelemetrySend.sys.mjs:863:17
setup@resource://gre/modules/TelemetrySend.sys.mjs:803:18
setup@resource://gre/modules/TelemetrySend.sys.mjs:241:30
setupTelemetry/this._delayedInitTask<@resource://gre/modules/TelemetryControllerParent.sys.mjs:828:36
observe@resource://gre/modules/AsyncShutdown.sys.mjs:576:16

JavaScript error: resource://gre/modules/AsyncShutdown.sys.mjs, line 727: Error: Phase "profile-before-change" is finished, it is too late to register completion condition "OS.File: flush I/O queued before profileBeforeChange"
JavaScript error: resource://gre/modules/AsyncShutdown.sys.mjs, line 727: Error: Phase "profile-before-change" is finished, it is too late to register completion condition "OS.File: flush I/O queued before profileBeforeChange"
JavaScript error: resource://gre/modules/AsyncShutdown.sys.mjs, line 727: Error: Phase "profile-before-change" is finished, it is too late to register completion condition "OS.File: flush I/O queued before profileBeforeChange"
JavaScript error: resource://gre/modules/AsyncShutdown.sys.mjs, line 727: Error: Phase "profile-before-change" is finished, it is too late to register completion condition "OS.File: flush I/O queued before profileBeforeChange"
JavaScript error: resource://gre/modules/AsyncShutdown.sys.mjs, line 727: Error: Phase "profile-before-change" is finished, it is too late to register completion condition "OS.File: flush I/O queued before profileBeforeChange"
JavaScript error: resource://gre/modules/AsyncShutdown.sys.mjs, line 727: Error: Phase "profile-before-change" is finished, it is too late to register completion condition "OS.File: flush I/O queued before profileBeforeChange"
1681209779151	geckodriver	INFO	Listening on 127.0.0.1:62535
1681209779671	mozrunner::runner	INFO	Running command: "/Applications/Firefox.app/Contents/MacOS/firefox-bin" "--marionette" "--headless" "--remote-debugging-port" ... s" "localhost" "-foreground" "-no-remote" "-profile" "/var/folders/zb/lcqftm5j4n1g6kkydhzwt05r0000gn/T/rust_mozprofilegpu3Xh"
*** You are running in headless mode.
console.warn: services.settings: Ignoring preference override of remote settings server
console.warn: services.settings: Allow by setting MOZ_REMOTE_SETTINGS_DEVTOOLS=1 in the environment
1681209780484	Marionette	INFO	Marionette enabled
1681209780574	Marionette	INFO	Listening on port 62543
Read port: 62543
console.error: "Warning: unrecognized command line flag -remote-allow-hosts\n"
WebDriver BiDi listening on ws://127.0.0.1:62536
1681209780936	RemoteAgent	WARN	TLS certificate errors will be ignored for this session
[GFX1-]: RenderCompositorSWGL failed mapping default framebuffer, no dt
console.warn: SearchSettings: "get: No settings file exists, new profile?" (new NotFoundError("Could not open the file at /var/folders/zb/lcqftm5j4n1g6kkydhzwt05r0000gn/T/rust_mozprofilegpu3Xh/search.json.mozlz4", (void 0)))
DevTools listening on ws://127.0.0.1:62536/devtools/browser/41d9dacf-19c7-4e5c-b244-5671cb77473b
JavaScript warning: http://owasp.local/jquery.min.js, line 19: unreachable code after return statement
1681209786875	Marionette	INFO	Stopped listening on port 62543
WARNING: A blocker encountered an error while we were waiting.
          Blocker:  Waiting for ping task
          Phase: TelemetryController: Waiting for pending ping activity
          State: (none)
WARNING: Error: Phase "profile-before-change" is finished, it is too late to register completion condition "OS.File: flush I/O queued before profileBeforeChange"
WARNING: addBlocker@resource://gre/modules/AsyncShutdown.sys.mjs:727:15
addBlocker@resource://gre/modules/AsyncShutdown.sys.mjs:523:26
addBlocker@resource://gre/modules/AsyncShutdown.sys.mjs:458:15
setupShutdown@resource://gre/modules/osfile/osfile_async_front.jsm:1548:28
@resource://gre/modules/osfile/osfile_async_front.jsm:1568:16
@resource://gre/modules/osfile.jsm:12:30
@resource://gre/modules/TelemetryStorage.sys.mjs:10:28
_checkPendingPings@resource://gre/modules/TelemetrySend.sys.mjs:863:17
setup@resource://gre/modules/TelemetrySend.sys.mjs:803:18
setup@resource://gre/modules/TelemetrySend.sys.mjs:241:30
setupTelemetry/this._delayedInitTask<@resource://gre/modules/TelemetryControllerParent.sys.mjs:828:36
observe@resource://gre/modules/AsyncShutdown.sys.mjs:576:16

console.error: "TelemetryScheduler.shutdown - Already shut down"
WARNING: A blocker encountered an error while we were waiting.
          Blocker:  Waiting for ping task
          Phase: TelemetryController: Waiting for pending ping activity
          State: (none)
WARNING: Error: Phase "profile-before-change" is finished, it is too late to register completion condition "OS.File: flush I/O queued before profileBeforeChange"
WARNING: addBlocker@resource://gre/modules/AsyncShutdown.sys.mjs:727:15
addBlocker@resource://gre/modules/AsyncShutdown.sys.mjs:523:26
addBlocker@resource://gre/modules/AsyncShutdown.sys.mjs:458:15
setupShutdown@resource://gre/modules/osfile/osfile_async_front.jsm:1548:28
@resource://gre/modules/osfile/osfile_async_front.jsm:1568:16
@resource://gre/modules/osfile.jsm:12:30
@resource://gre/modules/TelemetryStorage.sys.mjs:10:28
_checkPendingPings@resource://gre/modules/TelemetrySend.sys.mjs:863:17
setup@resource://gre/modules/TelemetrySend.sys.mjs:803:18
setup@resource://gre/modules/TelemetrySend.sys.mjs:241:30
setupTelemetry/this._delayedInitTask<@resource://gre/modules/TelemetryControllerParent.sys.mjs:828:36
observe@resource://gre/modules/AsyncShutdown.sys.mjs:576:16

WARNING: A blocker encountered an error while we were waiting.
          Blocker:  Waiting for ping task
          Phase: TelemetryController: Waiting for pending ping activity
          State: (none)
WARNING: Error: Phase "profile-before-change" is finished, it is too late to register completion condition "OS.File: flush I/O queued before profileBeforeChange"
WARNING: addBlocker@resource://gre/modules/AsyncShutdown.sys.mjs:727:15
addBlocker@resource://gre/modules/AsyncShutdown.sys.mjs:523:26
addBlocker@resource://gre/modules/AsyncShutdown.sys.mjs:458:15
setupShutdown@resource://gre/modules/osfile/osfile_async_front.jsm:1548:28
@resource://gre/modules/osfile/osfile_async_front.jsm:1568:16
@resource://gre/modules/osfile.jsm:12:30
@resource://gre/modules/TelemetryStorage.sys.mjs:10:28
_checkPendingPings@resource://gre/modules/TelemetrySend.sys.mjs:863:17
setup@resource://gre/modules/TelemetrySend.sys.mjs:803:18
setup@resource://gre/modules/TelemetrySend.sys.mjs:241:30
setupTelemetry/this._delayedInitTask<@resource://gre/modules/TelemetryControllerParent.sys.mjs:828:36
observe@resource://gre/modules/AsyncShutdown.sys.mjs:576:16

WARNING: A blocker encountered an error while we were waiting.
          Blocker:  TelemetryController: shutting down
          Phase: profile-before-change-telemetry
          State: Error getting state: Error: Phase "profile-before-change" is finished, it is too late to register completion condition "OS.File: flush I/O queued before profileBeforeChange" at addBlocker@resource://gre/modules/AsyncShutdown.sys.mjs:727:15
addBlocker@resource://gre/modules/AsyncShutdown.sys.mjs:523:26
addBlocker@resource://gre/modules/AsyncShutdown.sys.mjs:458:15
setupShutdown@resource://gre/modules/osfile/osfile_async_front.jsm:1548:28
@resource://gre/modules/osfile/osfile_async_front.jsm:1568:16
@resource://gre/modules/osfile.jsm:12:30
@resource://gre/modules/TelemetryStorage.sys.mjs:10:28
_checkPendingPings@resource://gre/modules/TelemetrySend.sys.mjs:863:17
setup@resource://gre/modules/TelemetrySend.sys.mjs:803:18
setup@resource://gre/modules/TelemetrySend.sys.mjs:241:30
setupTelemetry/this._delayedInitTask<@resource://gre/modules/TelemetryControllerParent.sys.mjs:828:36
observe@resource://gre/modules/AsyncShutdown.sys.mjs:576:16

WARNING: Error: Phase "profile-before-change" is finished, it is too late to register completion condition "OS.File: flush I/O queued before profileBeforeChange"
WARNING: addBlocker@resource://gre/modules/AsyncShutdown.sys.mjs:727:15
addBlocker@resource://gre/modules/AsyncShutdown.sys.mjs:523:26
addBlocker@resource://gre/modules/AsyncShutdown.sys.mjs:458:15
setupShutdown@resource://gre/modules/osfile/osfile_async_front.jsm:1548:28
@resource://gre/modules/osfile/osfile_async_front.jsm:1568:16
@resource://gre/modules/osfile.jsm:12:30
@resource://gre/modules/TelemetryStorage.sys.mjs:10:28
_checkPendingPings@resource://gre/modules/TelemetrySend.sys.mjs:863:17
setup@resource://gre/modules/TelemetrySend.sys.mjs:803:18
setup@resource://gre/modules/TelemetrySend.sys.mjs:241:30
setupTelemetry/this._delayedInitTask<@resource://gre/modules/TelemetryControllerParent.sys.mjs:828:36
observe@resource://gre/modules/AsyncShutdown.sys.mjs:576:16

JavaScript error: resource://gre/modules/AsyncShutdown.sys.mjs, line 727: Error: Phase "profile-before-change" is finished, it is too late to register completion condition "OS.File: flush I/O queued before profileBeforeChange"
JavaScript error: resource://gre/modules/AsyncShutdown.sys.mjs, line 727: Error: Phase "profile-before-change" is finished, it is too late to register completion condition "OS.File: flush I/O queued before profileBeforeChange"
JavaScript error: resource://gre/modules/AsyncShutdown.sys.mjs, line 727: Error: Phase "profile-before-change" is finished, it is too late to register completion condition "OS.File: flush I/O queued before profileBeforeChange"
JavaScript error: resource://gre/modules/AsyncShutdown.sys.mjs, line 727: Error: Phase "profile-before-change" is finished, it is too late to register completion condition "OS.File: flush I/O queued before profileBeforeChange"
JavaScript error: resource://gre/modules/AsyncShutdown.sys.mjs, line 727: Error: Phase "profile-before-change" is finished, it is too late to register completion condition "OS.File: flush I/O queued before profileBeforeChange"
JavaScript error: resource://gre/modules/AsyncShutdown.sys.mjs, line 727: Error: Phase "profile-before-change" is finished, it is too late to register completion condition "OS.File: flush I/O queued before profileBeforeChange"
1681271445118	geckodriver	INFO	Listening on 127.0.0.1:65042
1681271445583	mozrunner::runner	INFO	Running command: "/Applications/Firefox.app/Contents/MacOS/firefox-bin" "--marionette" "--headless" "--remote-debugging-port" ... s" "localhost" "-foreground" "-no-remote" "-profile" "/var/folders/zb/lcqftm5j4n1g6kkydhzwt05r0000gn/T/rust_mozprofileRbxpJo"
*** You are running in headless mode.
console.warn: services.settings: Ignoring preference override of remote settings server
console.warn: services.settings: Allow by setting MOZ_REMOTE_SETTINGS_DEVTOOLS=1 in the environment
1681271446850	Marionette	INFO	Marionette enabled
1681271446939	Marionette	INFO	Listening on port 65050
console.error: "Warning: unrecognized command line flag -remote-allow-hosts\n"
Read port: 65050
WebDriver BiDi listening on ws://127.0.0.1:65043
1681271447258	RemoteAgent	WARN	TLS certificate errors will be ignored for this session
[GFX1-]: RenderCompositorSWGL failed mapping default framebuffer, no dt
console.warn: SearchSettings: "get: No settings file exists, new profile?" (new NotFoundError("Could not open the file at /var/folders/zb/lcqftm5j4n1g6kkydhzwt05r0000gn/T/rust_mozprofileRbxpJo/search.json.mozlz4", (void 0)))
DevTools listening on ws://127.0.0.1:65043/devtools/browser/cdd1a513-6098-4917-843d-103a1bbb2fe3
JavaScript error: http://owasp.local/wordpress/wp-includes/js/tinymce/tiny_mce_popup.js, line 98: TypeError: tinyMCE is null
JavaScript error: http://owasp.local/wordpress/wp-includes/js/tinymce/tiny_mce_popup.js, line 98: TypeError: tinyMCE is null
JavaScript error: http://owasp.local/wordpress/wp-includes/js/tinymce/tiny_mce_popup.js, line 98: TypeError: tinyMCE is null
JavaScript error: http://owasp.local/wordpress/wp-includes/js/tinymce/themes/advanced/jscripts/color_picker.js, line 83: TypeError: tinyMCE is null
JavaScript error: http://owasp.local/wordpress/wp-includes/js/tinymce/tiny_mce_popup.js, line 98: TypeError: tinyMCE is null
JavaScript warning: http://owasp.local/wordpress/wp-includes/js/tinymce/utils/form_utils.js, line 117: unreachable code after return statement
JavaScript error: http://owasp.local/wordpress/wp-includes/js/tinymce/themes/advanced/jscripts/image.js, line 1: TypeError: tinyMCE is null
JavaScript error: http://owasp.local/wordpress/wp-includes/js/tinymce/tiny_mce_popup.js, line 98: TypeError: tinyMCE is null
JavaScript warning: http://owasp.local/wordpress/wp-includes/js/tinymce/utils/form_utils.js, line 117: unreachable code after return statement
JavaScript error: http://owasp.local/wordpress/wp-includes/js/tinymce/themes/advanced/jscripts/link.js, line 1: TypeError: tinyMCE is null
JavaScript error: http://owasp.local/wordpress/wp-includes/js/tinymce/themes/advanced/link.htm, line 72: TypeError: tinyMCE is null
JavaScript error: http://owasp.local/wordpress/wp-includes/js/tinymce/tiny_mce_popup.js, line 98: TypeError: tinyMCE is null
JavaScript warning: http://owasp.local/wordpress/wp-includes/js/tinymce/themes/advanced/jscripts/source_editor.js, line 11: unreachable code after return statement
JavaScript error: http://owasp.local/wordpress/wp-includes/js/tinymce/themes/advanced/jscripts/source_editor.js, line 54: TypeError: tinyMCE is null
JavaScript error: http://owasp.local/wordpress/wp-includes/js/tinymce/tiny_mce_popup.js, line 98: TypeError: tinyMCE is null
1681271454621	Marionette	INFO	Stopped listening on port 65050
WARNING: A blocker encountered an error while we were waiting.
          Blocker:  Waiting for ping task
          Phase: TelemetryController: Waiting for pending ping activity
          State: (none)
WARNING: Error: Phase "profile-before-change" is finished, it is too late to register completion condition "OS.File: flush I/O queued before profileBeforeChange"
WARNING: addBlocker@resource://gre/modules/AsyncShutdown.sys.mjs:727:15
addBlocker@resource://gre/modules/AsyncShutdown.sys.mjs:523:26
addBlocker@resource://gre/modules/AsyncShutdown.sys.mjs:458:15
setupShutdown@resource://gre/modules/osfile/osfile_async_front.jsm:1548:28
@resource://gre/modules/osfile/osfile_async_front.jsm:1568:16
@resource://gre/modules/osfile.jsm:12:30
@resource://gre/modules/TelemetryStorage.sys.mjs:10:28
_checkPendingPings@resource://gre/modules/TelemetrySend.sys.mjs:863:17
setup@resource://gre/modules/TelemetrySend.sys.mjs:803:18
setup@resource://gre/modules/TelemetrySend.sys.mjs:241:30
setupTelemetry/this._delayedInitTask<@resource://gre/modules/TelemetryControllerParent.sys.mjs:828:36
observe@resource://gre/modules/AsyncShutdown.sys.mjs:576:16

console.error: "TelemetryScheduler.shutdown - Already shut down"
WARNING: A blocker encountered an error while we were waiting.
          Blocker:  Waiting for ping task
          Phase: TelemetryController: Waiting for pending ping activity
          State: (none)
WARNING: Error: Phase "profile-before-change" is finished, it is too late to register completion condition "OS.File: flush I/O queued before profileBeforeChange"
WARNING: addBlocker@resource://gre/modules/AsyncShutdown.sys.mjs:727:15
addBlocker@resource://gre/modules/AsyncShutdown.sys.mjs:523:26
addBlocker@resource://gre/modules/AsyncShutdown.sys.mjs:458:15
setupShutdown@resource://gre/modules/osfile/osfile_async_front.jsm:1548:28
@resource://gre/modules/osfile/osfile_async_front.jsm:1568:16
@resource://gre/modules/osfile.jsm:12:30
@resource://gre/modules/TelemetryStorage.sys.mjs:10:28
_checkPendingPings@resource://gre/modules/TelemetrySend.sys.mjs:863:17
setup@resource://gre/modules/TelemetrySend.sys.mjs:803:18
setup@resource://gre/modules/TelemetrySend.sys.mjs:241:30
setupTelemetry/this._delayedInitTask<@resource://gre/modules/TelemetryControllerParent.sys.mjs:828:36
observe@resource://gre/modules/AsyncShutdown.sys.mjs:576:16

WARNING: A blocker encountered an error while we were waiting.
          Blocker:  Waiting for ping task
          Phase: TelemetryController: Waiting for pending ping activity
          State: (none)
WARNING: Error: Phase "profile-before-change" is finished, it is too late to register completion condition "OS.File: flush I/O queued before profileBeforeChange"
WARNING: addBlocker@resource://gre/modules/AsyncShutdown.sys.mjs:727:15
addBlocker@resource://gre/modules/AsyncShutdown.sys.mjs:523:26
addBlocker@resource://gre/modules/AsyncShutdown.sys.mjs:458:15
setupShutdown@resource://gre/modules/osfile/osfile_async_front.jsm:1548:28
@resource://gre/modules/osfile/osfile_async_front.jsm:1568:16
@resource://gre/modules/osfile.jsm:12:30
@resource://gre/modules/TelemetryStorage.sys.mjs:10:28
_checkPendingPings@resource://gre/modules/TelemetrySend.sys.mjs:863:17
setup@resource://gre/modules/TelemetrySend.sys.mjs:803:18
setup@resource://gre/modules/TelemetrySend.sys.mjs:241:30
setupTelemetry/this._delayedInitTask<@resource://gre/modules/TelemetryControllerParent.sys.mjs:828:36
observe@resource://gre/modules/AsyncShutdown.sys.mjs:576:16

WARNING: A blocker encountered an error while we were waiting.
          Blocker:  TelemetryController: shutting down
          Phase: profile-before-change-telemetry
          State: Error getting state: Error: Phase "profile-before-change" is finished, it is too late to register completion condition "OS.File: flush I/O queued before profileBeforeChange" at addBlocker@resource://gre/modules/AsyncShutdown.sys.mjs:727:15
addBlocker@resource://gre/modules/AsyncShutdown.sys.mjs:523:26
addBlocker@resource://gre/modules/AsyncShutdown.sys.mjs:458:15
setupShutdown@resource://gre/modules/osfile/osfile_async_front.jsm:1548:28
@resource://gre/modules/osfile/osfile_async_front.jsm:1568:16
@resource://gre/modules/osfile.jsm:12:30
@resource://gre/modules/TelemetryStorage.sys.mjs:10:28
_checkPendingPings@resource://gre/modules/TelemetrySend.sys.mjs:863:17
setup@resource://gre/modules/TelemetrySend.sys.mjs:803:18
setup@resource://gre/modules/TelemetrySend.sys.mjs:241:30
setupTelemetry/this._delayedInitTask<@resource://gre/modules/TelemetryControllerParent.sys.mjs:828:36
observe@resource://gre/modules/AsyncShutdown.sys.mjs:576:16

WARNING: Error: Phase "profile-before-change" is finished, it is too late to register completion condition "OS.File: flush I/O queued before profileBeforeChange"
WARNING: addBlocker@resource://gre/modules/AsyncShutdown.sys.mjs:727:15
addBlocker@resource://gre/modules/AsyncShutdown.sys.mjs:523:26
addBlocker@resource://gre/modules/AsyncShutdown.sys.mjs:458:15
setupShutdown@resource://gre/modules/osfile/osfile_async_front.jsm:1548:28
@resource://gre/modules/osfile/osfile_async_front.jsm:1568:16
@resource://gre/modules/osfile.jsm:12:30
@resource://gre/modules/TelemetryStorage.sys.mjs:10:28
_checkPendingPings@resource://gre/modules/TelemetrySend.sys.mjs:863:17
setup@resource://gre/modules/TelemetrySend.sys.mjs:803:18
setup@resource://gre/modules/TelemetrySend.sys.mjs:241:30
setupTelemetry/this._delayedInitTask<@resource://gre/modules/TelemetryControllerParent.sys.mjs:828:36
observe@resource://gre/modules/AsyncShutdown.sys.mjs:576:16

JavaScript error: resource://gre/modules/AsyncShutdown.sys.mjs, line 727: Error: Phase "profile-before-change" is finished, it is too late to register completion condition "OS.File: flush I/O queued before profileBeforeChange"
JavaScript error: resource://gre/modules/AsyncShutdown.sys.mjs, line 727: Error: Phase "profile-before-change" is finished, it is too late to register completion condition "OS.File: flush I/O queued before profileBeforeChange"
JavaScript error: resource://gre/modules/AsyncShutdown.sys.mjs, line 727: Error: Phase "profile-before-change" is finished, it is too late to register completion condition "OS.File: flush I/O queued before profileBeforeChange"
JavaScript error: resource://gre/modules/AsyncShutdown.sys.mjs, line 727: Error: Phase "profile-before-change" is finished, it is too late to register completion condition "OS.File: flush I/O queued before profileBeforeChange"
JavaScript error: resource://gre/modules/AsyncShutdown.sys.mjs, line 727: Error: Phase "profile-before-change" is finished, it is too late to register completion condition "OS.File: flush I/O queued before profileBeforeChange"
JavaScript error: resource://gre/modules/AsyncShutdown.sys.mjs, line 727: Error: Phase "profile-before-change" is finished, it is too late to register completion condition "OS.File: flush I/O queued before profileBeforeChange"
1681548419451	geckodriver	INFO	Listening on 127.0.0.1:55100
1681548428596	mozrunner::runner	INFO	Running command: "/Applications/Firefox.app/Contents/MacOS/firefox-bin" "--marionette" "--headless" "--remote-debugging-port" ... s" "localhost" "-foreground" "-no-remote" "-profile" "/var/folders/zb/lcqftm5j4n1g6kkydhzwt05r0000gn/T/rust_mozprofilePcsduW"
*** You are running in headless mode.
console.warn: services.settings: Ignoring preference override of remote settings server
console.warn: services.settings: Allow by setting MOZ_REMOTE_SETTINGS_DEVTOOLS=1 in the environment
1681548429662	Marionette	INFO	Marionette enabled
1681548429755	Marionette	INFO	Listening on port 55108
console.error: "Warning: unrecognized command line flag -remote-allow-hosts\n"
Read port: 55108
WebDriver BiDi listening on ws://127.0.0.1:55101
1681548430376	RemoteAgent	WARN	TLS certificate errors will be ignored for this session
[GFX1-]: RenderCompositorSWGL failed mapping default framebuffer, no dt
console.warn: SearchSettings: "get: No settings file exists, new profile?" (new NotFoundError("Could not open the file at /var/folders/zb/lcqftm5j4n1g6kkydhzwt05r0000gn/T/rust_mozprofilePcsduW/search.json.mozlz4", (void 0)))
DevTools listening on ws://127.0.0.1:55101/devtools/browser/b728577d-9046-4f4a-98fb-6622097bb181
JavaScript error: http://owasp.local/wordpress//wp-includes/js/tinymce/tiny_mce_popup.js, line 98: TypeError: tinyMCE is null
JavaScript error: http://owasp.local/wordpress//wp-includes/js/tinymce/tiny_mce_popup.js, line 98: TypeError: tinyMCE is null
JavaScript error: http://owasp.local/wordpress//wp-includes/js/tinymce/tiny_mce_popup.js, line 98: TypeError: tinyMCE is null
JavaScript warning: http://owasp.local/wordpress//wp-includes/js/tinymce/utils/form_utils.js, line 117: unreachable code after return statement
JavaScript error: http://owasp.local/wordpress//wp-includes/js/tinymce/themes/advanced/jscripts/image.js, line 1: TypeError: tinyMCE is null
JavaScript error: http://owasp.local/wordpress//wp-includes/js/tinymce/tiny_mce_popup.js, line 98: TypeError: tinyMCE is null
JavaScript error: http://owasp.local/wordpress//wp-includes/js/tinymce/themes/advanced/jscripts/color_picker.js, line 83: TypeError: tinyMCE is null
JavaScript error: http://owasp.local/wordpress//wp-includes/js/tinymce/tiny_mce_popup.js, line 98: TypeError: tinyMCE is null
JavaScript warning: http://owasp.local/wordpress//wp-includes/js/tinymce/utils/form_utils.js, line 117: unreachable code after return statement
JavaScript error: http://owasp.local/wordpress//wp-includes/js/tinymce/themes/advanced/jscripts/link.js, line 1: TypeError: tinyMCE is null
JavaScript error: http://owasp.local/wordpress//wp-includes/js/tinymce/themes/advanced/link.htm, line 72: TypeError: tinyMCE is null
JavaScript error: http://owasp.local/wordpress//wp-includes/js/tinymce/tiny_mce_popup.js, line 98: TypeError: tinyMCE is null
JavaScript warning: http://owasp.local/wordpress//wp-includes/js/tinymce/themes/advanced/jscripts/source_editor.js, line 11: unreachable code after return statement
JavaScript error: http://owasp.local/wordpress//wp-includes/js/tinymce/themes/advanced/jscripts/source_editor.js, line 54: TypeError: tinyMCE is null
JavaScript error: http://owasp.local/wordpress//wp-includes/js/tinymce/tiny_mce_popup.js, line 98: TypeError: tinyMCE is null
1681548445018	Marionette	INFO	Stopped listening on port 55108
WARNING: A blocker encountered an error while we were waiting.
          Blocker:  Waiting for ping task
          Phase: TelemetryController: Waiting for pending ping activity
          State: (none)
WARNING: Error: Phase "profile-before-change" is finished, it is too late to register completion condition "OS.File: flush I/O queued before profileBeforeChange"
WARNING: addBlocker@resource://gre/modules/AsyncShutdown.sys.mjs:727:15
addBlocker@resource://gre/modules/AsyncShutdown.sys.mjs:523:26
addBlocker@resource://gre/modules/AsyncShutdown.sys.mjs:458:15
setupShutdown@resource://gre/modules/osfile/osfile_async_front.jsm:1548:28
@resource://gre/modules/osfile/osfile_async_front.jsm:1568:16
@resource://gre/modules/osfile.jsm:12:30
@resource://gre/modules/TelemetryStorage.sys.mjs:10:28
_checkPendingPings@resource://gre/modules/TelemetrySend.sys.mjs:863:17
setup@resource://gre/modules/TelemetrySend.sys.mjs:803:18
setup@resource://gre/modules/TelemetrySend.sys.mjs:241:30
setupTelemetry/this._delayedInitTask<@resource://gre/modules/TelemetryControllerParent.sys.mjs:828:36
observe@resource://gre/modules/AsyncShutdown.sys.mjs:576:16

console.error: "TelemetryScheduler.shutdown - Already shut down"
WARNING: A blocker encountered an error while we were waiting.
          Blocker:  Waiting for ping task
          Phase: TelemetryController: Waiting for pending ping activity
          State: (none)
WARNING: Error: Phase "profile-before-change" is finished, it is too late to register completion condition "OS.File: flush I/O queued before profileBeforeChange"
WARNING: addBlocker@resource://gre/modules/AsyncShutdown.sys.mjs:727:15
addBlocker@resource://gre/modules/AsyncShutdown.sys.mjs:523:26
addBlocker@resource://gre/modules/AsyncShutdown.sys.mjs:458:15
setupShutdown@resource://gre/modules/osfile/osfile_async_front.jsm:1548:28
@resource://gre/modules/osfile/osfile_async_front.jsm:1568:16
@resource://gre/modules/osfile.jsm:12:30
@resource://gre/modules/TelemetryStorage.sys.mjs:10:28
_checkPendingPings@resource://gre/modules/TelemetrySend.sys.mjs:863:17
setup@resource://gre/modules/TelemetrySend.sys.mjs:803:18
setup@resource://gre/modules/TelemetrySend.sys.mjs:241:30
setupTelemetry/this._delayedInitTask<@resource://gre/modules/TelemetryControllerParent.sys.mjs:828:36
observe@resource://gre/modules/AsyncShutdown.sys.mjs:576:16

WARNING: A blocker encountered an error while we were waiting.
          Blocker:  Waiting for ping task
          Phase: TelemetryController: Waiting for pending ping activity
          State: (none)
WARNING: Error: Phase "profile-before-change" is finished, it is too late to register completion condition "OS.File: flush I/O queued before profileBeforeChange"
WARNING: addBlocker@resource://gre/modules/AsyncShutdown.sys.mjs:727:15
addBlocker@resource://gre/modules/AsyncShutdown.sys.mjs:523:26
addBlocker@resource://gre/modules/AsyncShutdown.sys.mjs:458:15
setupShutdown@resource://gre/modules/osfile/osfile_async_front.jsm:1548:28
@resource://gre/modules/osfile/osfile_async_front.jsm:1568:16
@resource://gre/modules/osfile.jsm:12:30
@resource://gre/modules/TelemetryStorage.sys.mjs:10:28
_checkPendingPings@resource://gre/modules/TelemetrySend.sys.mjs:863:17
setup@resource://gre/modules/TelemetrySend.sys.mjs:803:18
setup@resource://gre/modules/TelemetrySend.sys.mjs:241:30
setupTelemetry/this._delayedInitTask<@resource://gre/modules/TelemetryControllerParent.sys.mjs:828:36
observe@resource://gre/modules/AsyncShutdown.sys.mjs:576:16

WARNING: A blocker encountered an error while we were waiting.
          Blocker:  TelemetryController: shutting down
          Phase: profile-before-change-telemetry
          State: Error getting state: Error: Phase "profile-before-change" is finished, it is too late to register completion condition "OS.File: flush I/O queued before profileBeforeChange" at addBlocker@resource://gre/modules/AsyncShutdown.sys.mjs:727:15
addBlocker@resource://gre/modules/AsyncShutdown.sys.mjs:523:26
addBlocker@resource://gre/modules/AsyncShutdown.sys.mjs:458:15
setupShutdown@resource://gre/modules/osfile/osfile_async_front.jsm:1548:28
@resource://gre/modules/osfile/osfile_async_front.jsm:1568:16
@resource://gre/modules/osfile.jsm:12:30
@resource://gre/modules/TelemetryStorage.sys.mjs:10:28
_checkPendingPings@resource://gre/modules/TelemetrySend.sys.mjs:863:17
setup@resource://gre/modules/TelemetrySend.sys.mjs:803:18
setup@resource://gre/modules/TelemetrySend.sys.mjs:241:30
setupTelemetry/this._delayedInitTask<@resource://gre/modules/TelemetryControllerParent.sys.mjs:828:36
observe@resource://gre/modules/AsyncShutdown.sys.mjs:576:16

WARNING: Error: Phase "profile-before-change" is finished, it is too late to register completion condition "OS.File: flush I/O queued before profileBeforeChange"
WARNING: addBlocker@resource://gre/modules/AsyncShutdown.sys.mjs:727:15
addBlocker@resource://gre/modules/AsyncShutdown.sys.mjs:523:26
addBlocker@resource://gre/modules/AsyncShutdown.sys.mjs:458:15
setupShutdown@resource://gre/modules/osfile/osfile_async_front.jsm:1548:28
@resource://gre/modules/osfile/osfile_async_front.jsm:1568:16
@resource://gre/modules/osfile.jsm:12:30
@resource://gre/modules/TelemetryStorage.sys.mjs:10:28
_checkPendingPings@resource://gre/modules/TelemetrySend.sys.mjs:863:17
setup@resource://gre/modules/TelemetrySend.sys.mjs:803:18
setup@resource://gre/modules/TelemetrySend.sys.mjs:241:30
setupTelemetry/this._delayedInitTask<@resource://gre/modules/TelemetryControllerParent.sys.mjs:828:36
observe@resource://gre/modules/AsyncShutdown.sys.mjs:576:16

JavaScript error: resource://gre/modules/AsyncShutdown.sys.mjs, line 727: Error: Phase "profile-before-change" is finished, it is too late to register completion condition "OS.File: flush I/O queued before profileBeforeChange"
JavaScript error: resource://gre/modules/AsyncShutdown.sys.mjs, line 727: Error: Phase "profile-before-change" is finished, it is too late to register completion condition "OS.File: flush I/O queued before profileBeforeChange"
JavaScript error: resource://gre/modules/AsyncShutdown.sys.mjs, line 727: Error: Phase "profile-before-change" is finished, it is too late to register completion condition "OS.File: flush I/O queued before profileBeforeChange"
JavaScript error: resource://gre/modules/AsyncShutdown.sys.mjs, line 727: Error: Phase "profile-before-change" is finished, it is too late to register completion condition "OS.File: flush I/O queued before profileBeforeChange"
JavaScript error: resource://gre/modules/AsyncShutdown.sys.mjs, line 727: Error: Phase "profile-before-change" is finished, it is too late to register completion condition "OS.File: flush I/O queued before profileBeforeChange"
JavaScript error: resource://gre/modules/AsyncShutdown.sys.mjs, line 727: Error: Phase "profile-before-change" is finished, it is too late to register completion condition "OS.File: flush I/O queued before profileBeforeChange"
1681552934165	geckodriver	INFO	Listening on 127.0.0.1:57262
1681552934678	mozrunner::runner	INFO	Running command: "/Applications/Firefox.app/Contents/MacOS/firefox-bin" "--marionette" "--headless" "--remote-debugging-port" ... s" "localhost" "-foreground" "-no-remote" "-profile" "/var/folders/zb/lcqftm5j4n1g6kkydhzwt05r0000gn/T/rust_mozprofileCoNCQx"
*** You are running in headless mode.
console.warn: services.settings: Ignoring preference override of remote settings server
console.warn: services.settings: Allow by setting MOZ_REMOTE_SETTINGS_DEVTOOLS=1 in the environment
1681552935444	Marionette	INFO	Marionette enabled
1681552935542	Marionette	INFO	Listening on port 57270
Read port: 57270
console.error: "Warning: unrecognized command line flag -remote-allow-hosts\n"
WebDriver BiDi listening on ws://127.0.0.1:57263
1681552936328	RemoteAgent	WARN	TLS certificate errors will be ignored for this session
[GFX1-]: RenderCompositorSWGL failed mapping default framebuffer, no dt
console.warn: SearchSettings: "get: No settings file exists, new profile?" (new NotFoundError("Could not open the file at /var/folders/zb/lcqftm5j4n1g6kkydhzwt05r0000gn/T/rust_mozprofileCoNCQx/search.json.mozlz4", (void 0)))
DevTools listening on ws://127.0.0.1:57263/devtools/browser/9483642d-f1d6-4278-a63f-5f9d7a83519f
JavaScript error: http://owasp.local/wordpress//wp-includes/js/tinymce/tiny_mce_popup.js, line 98: TypeError: tinyMCE is null
JavaScript error: http://owasp.local/wordpress//wp-includes/js/tinymce/tiny_mce_popup.js, line 98: TypeError: tinyMCE is null
JavaScript error: http://owasp.local/wordpress//wp-includes/js/tinymce/tiny_mce_popup.js, line 98: TypeError: tinyMCE is null
JavaScript error: http://owasp.local/wordpress//wp-includes/js/tinymce/themes/advanced/jscripts/color_picker.js, line 83: TypeError: tinyMCE is null
JavaScript error: http://owasp.local/wordpress//wp-includes/js/tinymce/tiny_mce_popup.js, line 98: TypeError: tinyMCE is null
JavaScript warning: http://owasp.local/wordpress//wp-includes/js/tinymce/utils/form_utils.js, line 117: unreachable code after return statement
JavaScript error: http://owasp.local/wordpress//wp-includes/js/tinymce/themes/advanced/jscripts/image.js, line 1: TypeError: tinyMCE is null
JavaScript error: http://owasp.local/wordpress//wp-includes/js/tinymce/tiny_mce_popup.js, line 98: TypeError: tinyMCE is null
JavaScript warning: http://owasp.local/wordpress//wp-includes/js/tinymce/utils/form_utils.js, line 117: unreachable code after return statement
JavaScript error: http://owasp.local/wordpress//wp-includes/js/tinymce/themes/advanced/jscripts/link.js, line 1: TypeError: tinyMCE is null
JavaScript error: http://owasp.local/wordpress//wp-includes/js/tinymce/themes/advanced/link.htm, line 72: TypeError: tinyMCE is null
JavaScript error: http://owasp.local/wordpress//wp-includes/js/tinymce/tiny_mce_popup.js, line 98: TypeError: tinyMCE is null
JavaScript warning: http://owasp.local/wordpress//wp-includes/js/tinymce/themes/advanced/jscripts/source_editor.js, line 11: unreachable code after return statement
JavaScript error: http://owasp.local/wordpress//wp-includes/js/tinymce/themes/advanced/jscripts/source_editor.js, line 54: TypeError: tinyMCE is null
JavaScript error: http://owasp.local/wordpress//wp-includes/js/tinymce/tiny_mce_popup.js, line 98: TypeError: tinyMCE is null
1681552946910	Marionette	INFO	Stopped listening on port 57270
WARNING: A blocker encountered an error while we were waiting.
          Blocker:  Waiting for ping task
          Phase: TelemetryController: Waiting for pending ping activity
          State: (none)
WARNING: Error: Phase "profile-before-change" is finished, it is too late to register completion condition "OS.File: flush I/O queued before profileBeforeChange"
WARNING: addBlocker@resource://gre/modules/AsyncShutdown.sys.mjs:727:15
addBlocker@resource://gre/modules/AsyncShutdown.sys.mjs:523:26
addBlocker@resource://gre/modules/AsyncShutdown.sys.mjs:458:15
setupShutdown@resource://gre/modules/osfile/osfile_async_front.jsm:1548:28
@resource://gre/modules/osfile/osfile_async_front.jsm:1568:16
@resource://gre/modules/osfile.jsm:12:30
@resource://gre/modules/TelemetryStorage.sys.mjs:10:28
_checkPendingPings@resource://gre/modules/TelemetrySend.sys.mjs:863:17
setup@resource://gre/modules/TelemetrySend.sys.mjs:803:18
setup@resource://gre/modules/TelemetrySend.sys.mjs:241:30
setupTelemetry/this._delayedInitTask<@resource://gre/modules/TelemetryControllerParent.sys.mjs:828:36
observe@resource://gre/modules/AsyncShutdown.sys.mjs:576:16

console.error: "TelemetryScheduler.shutdown - Already shut down"
WARNING: A blocker encountered an error while we were waiting.
          Blocker:  Waiting for ping task
          Phase: TelemetryController: Waiting for pending ping activity
          State: (none)
WARNING: Error: Phase "profile-before-change" is finished, it is too late to register completion condition "OS.File: flush I/O queued before profileBeforeChange"
WARNING: addBlocker@resource://gre/modules/AsyncShutdown.sys.mjs:727:15
addBlocker@resource://gre/modules/AsyncShutdown.sys.mjs:523:26
addBlocker@resource://gre/modules/AsyncShutdown.sys.mjs:458:15
setupShutdown@resource://gre/modules/osfile/osfile_async_front.jsm:1548:28
@resource://gre/modules/osfile/osfile_async_front.jsm:1568:16
@resource://gre/modules/osfile.jsm:12:30
@resource://gre/modules/TelemetryStorage.sys.mjs:10:28
_checkPendingPings@resource://gre/modules/TelemetrySend.sys.mjs:863:17
setup@resource://gre/modules/TelemetrySend.sys.mjs:803:18
setup@resource://gre/modules/TelemetrySend.sys.mjs:241:30
setupTelemetry/this._delayedInitTask<@resource://gre/modules/TelemetryControllerParent.sys.mjs:828:36
observe@resource://gre/modules/AsyncShutdown.sys.mjs:576:16

WARNING: A blocker encountered an error while we were waiting.
          Blocker:  Waiting for ping task
          Phase: TelemetryController: Waiting for pending ping activity
          State: (none)
WARNING: Error: Phase "profile-before-change" is finished, it is too late to register completion condition "OS.File: flush I/O queued before profileBeforeChange"
WARNING: addBlocker@resource://gre/modules/AsyncShutdown.sys.mjs:727:15
addBlocker@resource://gre/modules/AsyncShutdown.sys.mjs:523:26
addBlocker@resource://gre/modules/AsyncShutdown.sys.mjs:458:15
setupShutdown@resource://gre/modules/osfile/osfile_async_front.jsm:1548:28
@resource://gre/modules/osfile/osfile_async_front.jsm:1568:16
@resource://gre/modules/osfile.jsm:12:30
@resource://gre/modules/TelemetryStorage.sys.mjs:10:28
_checkPendingPings@resource://gre/modules/TelemetrySend.sys.mjs:863:17
setup@resource://gre/modules/TelemetrySend.sys.mjs:803:18
setup@resource://gre/modules/TelemetrySend.sys.mjs:241:30
setupTelemetry/this._delayedInitTask<@resource://gre/modules/TelemetryControllerParent.sys.mjs:828:36
observe@resource://gre/modules/AsyncShutdown.sys.mjs:576:16

WARNING: A blocker encountered an error while we were waiting.
          Blocker:  TelemetryController: shutting down
          Phase: profile-before-change-telemetry
          State: Error getting state: Error: Phase "profile-before-change" is finished, it is too late to register completion condition "OS.File: flush I/O queued before profileBeforeChange" at addBlocker@resource://gre/modules/AsyncShutdown.sys.mjs:727:15
addBlocker@resource://gre/modules/AsyncShutdown.sys.mjs:523:26
addBlocker@resource://gre/modules/AsyncShutdown.sys.mjs:458:15
setupShutdown@resource://gre/modules/osfile/osfile_async_front.jsm:1548:28
@resource://gre/modules/osfile/osfile_async_front.jsm:1568:16
@resource://gre/modules/osfile.jsm:12:30
@resource://gre/modules/TelemetryStorage.sys.mjs:10:28
_checkPendingPings@resource://gre/modules/TelemetrySend.sys.mjs:863:17
setup@resource://gre/modules/TelemetrySend.sys.mjs:803:18
setup@resource://gre/modules/TelemetrySend.sys.mjs:241:30
setupTelemetry/this._delayedInitTask<@resource://gre/modules/TelemetryControllerParent.sys.mjs:828:36
observe@resource://gre/modules/AsyncShutdown.sys.mjs:576:16

WARNING: Error: Phase "profile-before-change" is finished, it is too late to register completion condition "OS.File: flush I/O queued before profileBeforeChange"
WARNING: addBlocker@resource://gre/modules/AsyncShutdown.sys.mjs:727:15
addBlocker@resource://gre/modules/AsyncShutdown.sys.mjs:523:26
addBlocker@resource://gre/modules/AsyncShutdown.sys.mjs:458:15
setupShutdown@resource://gre/modules/osfile/osfile_async_front.jsm:1548:28
@resource://gre/modules/osfile/osfile_async_front.jsm:1568:16
@resource://gre/modules/osfile.jsm:12:30
@resource://gre/modules/TelemetryStorage.sys.mjs:10:28
_checkPendingPings@resource://gre/modules/TelemetrySend.sys.mjs:863:17
setup@resource://gre/modules/TelemetrySend.sys.mjs:803:18
setup@resource://gre/modules/TelemetrySend.sys.mjs:241:30
setupTelemetry/this._delayedInitTask<@resource://gre/modules/TelemetryControllerParent.sys.mjs:828:36
observe@resource://gre/modules/AsyncShutdown.sys.mjs:576:16

JavaScript error: resource://gre/modules/AsyncShutdown.sys.mjs, line 727: Error: Phase "profile-before-change" is finished, it is too late to register completion condition "OS.File: flush I/O queued before profileBeforeChange"
JavaScript error: resource://gre/modules/AsyncShutdown.sys.mjs, line 727: Error: Phase "profile-before-change" is finished, it is too late to register completion condition "OS.File: flush I/O queued before profileBeforeChange"
JavaScript error: resource://gre/modules/AsyncShutdown.sys.mjs, line 727: Error: Phase "profile-before-change" is finished, it is too late to register completion condition "OS.File: flush I/O queued before profileBeforeChange"
JavaScript error: resource://gre/modules/AsyncShutdown.sys.mjs, line 727: Error: Phase "profile-before-change" is finished, it is too late to register completion condition "OS.File: flush I/O queued before profileBeforeChange"
JavaScript error: resource://gre/modules/AsyncShutdown.sys.mjs, line 727: Error: Phase "profile-before-change" is finished, it is too late to register completion condition "OS.File: flush I/O queued before profileBeforeChange"
JavaScript error: resource://gre/modules/AsyncShutdown.sys.mjs, line 727: Error: Phase "profile-before-change" is finished, it is too late to register completion condition "OS.File: flush I/O queued before profileBeforeChange"
1681553223512	geckodriver	INFO	Listening on 127.0.0.1:58597
1681553224023	mozrunner::runner	INFO	Running command: "/Applications/Firefox.app/Contents/MacOS/firefox-bin" "--marionette" "--headless" "--remote-debugging-port" ... s" "localhost" "-foreground" "-no-remote" "-profile" "/var/folders/zb/lcqftm5j4n1g6kkydhzwt05r0000gn/T/rust_mozprofileL1IozI"
*** You are running in headless mode.
console.warn: services.settings: Ignoring preference override of remote settings server
console.warn: services.settings: Allow by setting MOZ_REMOTE_SETTINGS_DEVTOOLS=1 in the environment
1681553224470	Marionette	INFO	Marionette enabled
1681553224551	Marionette	INFO	Listening on port 58605
console.error: "Warning: unrecognized command line flag -remote-allow-hosts\n"
Read port: 58605
WebDriver BiDi listening on ws://127.0.0.1:58598
1681553225162	RemoteAgent	WARN	TLS certificate errors will be ignored for this session
[GFX1-]: RenderCompositorSWGL failed mapping default framebuffer, no dt
console.warn: SearchSettings: "get: No settings file exists, new profile?" (new NotFoundError("Could not open the file at /var/folders/zb/lcqftm5j4n1g6kkydhzwt05r0000gn/T/rust_mozprofileL1IozI/search.json.mozlz4", (void 0)))
DevTools listening on ws://127.0.0.1:58598/devtools/browser/94b76464-a4ef-4200-bf3d-0e503b3dca10
JavaScript error: http://owasp.local/wordpress//wp-includes/js/tinymce/tiny_mce_popup.js, line 98: TypeError: tinyMCE is null
JavaScript error: http://owasp.local/wordpress//wp-includes/js/tinymce/tiny_mce_popup.js, line 98: TypeError: tinyMCE is null
JavaScript error: http://owasp.local/wordpress//wp-includes/js/tinymce/themes/advanced/jscripts/color_picker.js, line 83: TypeError: tinyMCE is null
JavaScript error: http://owasp.local/wordpress//wp-includes/js/tinymce/tiny_mce_popup.js, line 98: TypeError: tinyMCE is null
JavaScript error: http://owasp.local/wordpress//wp-includes/js/tinymce/tiny_mce_popup.js, line 98: TypeError: tinyMCE is null
JavaScript warning: http://owasp.local/wordpress//wp-includes/js/tinymce/utils/form_utils.js, line 117: unreachable code after return statement
JavaScript error: http://owasp.local/wordpress//wp-includes/js/tinymce/themes/advanced/jscripts/image.js, line 1: TypeError: tinyMCE is null
JavaScript error: http://owasp.local/wordpress//wp-includes/js/tinymce/tiny_mce_popup.js, line 98: TypeError: tinyMCE is null
JavaScript warning: http://owasp.local/wordpress//wp-includes/js/tinymce/utils/form_utils.js, line 117: unreachable code after return statement
JavaScript error: http://owasp.local/wordpress//wp-includes/js/tinymce/themes/advanced/jscripts/link.js, line 1: TypeError: tinyMCE is null
JavaScript error: http://owasp.local/wordpress//wp-includes/js/tinymce/themes/advanced/link.htm, line 72: TypeError: tinyMCE is null
JavaScript error: http://owasp.local/wordpress//wp-includes/js/tinymce/tiny_mce_popup.js, line 98: TypeError: tinyMCE is null
JavaScript warning: http://owasp.local/wordpress//wp-includes/js/tinymce/themes/advanced/jscripts/source_editor.js, line 11: unreachable code after return statement
JavaScript error: http://owasp.local/wordpress//wp-includes/js/tinymce/themes/advanced/jscripts/source_editor.js, line 54: TypeError: tinyMCE is null
JavaScript error: http://owasp.local/wordpress//wp-includes/js/tinymce/tiny_mce_popup.js, line 98: TypeError: tinyMCE is null
1681553234663	Marionette	INFO	Stopped listening on port 58605
WARNING: A blocker encountered an error while we were waiting.
          Blocker:  Waiting for ping task
          Phase: TelemetryController: Waiting for pending ping activity
          State: (none)
WARNING: Error: Phase "profile-before-change" is finished, it is too late to register completion condition "OS.File: flush I/O queued before profileBeforeChange"
WARNING: addBlocker@resource://gre/modules/AsyncShutdown.sys.mjs:727:15
addBlocker@resource://gre/modules/AsyncShutdown.sys.mjs:523:26
addBlocker@resource://gre/modules/AsyncShutdown.sys.mjs:458:15
setupShutdown@resource://gre/modules/osfile/osfile_async_front.jsm:1548:28
@resource://gre/modules/osfile/osfile_async_front.jsm:1568:16
@resource://gre/modules/osfile.jsm:12:30
@resource://gre/modules/TelemetryStorage.sys.mjs:10:28
_checkPendingPings@resource://gre/modules/TelemetrySend.sys.mjs:863:17
setup@resource://gre/modules/TelemetrySend.sys.mjs:803:18
setup@resource://gre/modules/TelemetrySend.sys.mjs:241:30
setupTelemetry/this._delayedInitTask<@resource://gre/modules/TelemetryControllerParent.sys.mjs:828:36
observe@resource://gre/modules/AsyncShutdown.sys.mjs:576:16

console.error: "TelemetryScheduler.shutdown - Already shut down"
WARNING: A blocker encountered an error while we were waiting.
          Blocker:  Waiting for ping task
          Phase: TelemetryController: Waiting for pending ping activity
          State: (none)
WARNING: Error: Phase "profile-before-change" is finished, it is too late to register completion condition "OS.File: flush I/O queued before profileBeforeChange"
WARNING: addBlocker@resource://gre/modules/AsyncShutdown.sys.mjs:727:15
addBlocker@resource://gre/modules/AsyncShutdown.sys.mjs:523:26
addBlocker@resource://gre/modules/AsyncShutdown.sys.mjs:458:15
setupShutdown@resource://gre/modules/osfile/osfile_async_front.jsm:1548:28
@resource://gre/modules/osfile/osfile_async_front.jsm:1568:16
@resource://gre/modules/osfile.jsm:12:30
@resource://gre/modules/TelemetryStorage.sys.mjs:10:28
_checkPendingPings@resource://gre/modules/TelemetrySend.sys.mjs:863:17
setup@resource://gre/modules/TelemetrySend.sys.mjs:803:18
setup@resource://gre/modules/TelemetrySend.sys.mjs:241:30
setupTelemetry/this._delayedInitTask<@resource://gre/modules/TelemetryControllerParent.sys.mjs:828:36
observe@resource://gre/modules/AsyncShutdown.sys.mjs:576:16

WARNING: A blocker encountered an error while we were waiting.
          Blocker:  Waiting for ping task
          Phase: TelemetryController: Waiting for pending ping activity
          State: (none)
WARNING: Error: Phase "profile-before-change" is finished, it is too late to register completion condition "OS.File: flush I/O queued before profileBeforeChange"
WARNING: addBlocker@resource://gre/modules/AsyncShutdown.sys.mjs:727:15
addBlocker@resource://gre/modules/AsyncShutdown.sys.mjs:523:26
addBlocker@resource://gre/modules/AsyncShutdown.sys.mjs:458:15
setupShutdown@resource://gre/modules/osfile/osfile_async_front.jsm:1548:28
@resource://gre/modules/osfile/osfile_async_front.jsm:1568:16
@resource://gre/modules/osfile.jsm:12:30
@resource://gre/modules/TelemetryStorage.sys.mjs:10:28
_checkPendingPings@resource://gre/modules/TelemetrySend.sys.mjs:863:17
setup@resource://gre/modules/TelemetrySend.sys.mjs:803:18
setup@resource://gre/modules/TelemetrySend.sys.mjs:241:30
setupTelemetry/this._delayedInitTask<@resource://gre/modules/TelemetryControllerParent.sys.mjs:828:36
observe@resource://gre/modules/AsyncShutdown.sys.mjs:576:16

WARNING: A blocker encountered an error while we were waiting.
          Blocker:  TelemetryController: shutting down
          Phase: profile-before-change-telemetry
          State: Error getting state: Error: Phase "profile-before-change" is finished, it is too late to register completion condition "OS.File: flush I/O queued before profileBeforeChange" at addBlocker@resource://gre/modules/AsyncShutdown.sys.mjs:727:15
addBlocker@resource://gre/modules/AsyncShutdown.sys.mjs:523:26
addBlocker@resource://gre/modules/AsyncShutdown.sys.mjs:458:15
setupShutdown@resource://gre/modules/osfile/osfile_async_front.jsm:1548:28
@resource://gre/modules/osfile/osfile_async_front.jsm:1568:16
@resource://gre/modules/osfile.jsm:12:30
@resource://gre/modules/TelemetryStorage.sys.mjs:10:28
_checkPendingPings@resource://gre/modules/TelemetrySend.sys.mjs:863:17
setup@resource://gre/modules/TelemetrySend.sys.mjs:803:18
setup@resource://gre/modules/TelemetrySend.sys.mjs:241:30
setupTelemetry/this._delayedInitTask<@resource://gre/modules/TelemetryControllerParent.sys.mjs:828:36
observe@resource://gre/modules/AsyncShutdown.sys.mjs:576:16

WARNING: Error: Phase "profile-before-change" is finished, it is too late to register completion condition "OS.File: flush I/O queued before profileBeforeChange"
WARNING: addBlocker@resource://gre/modules/AsyncShutdown.sys.mjs:727:15
addBlocker@resource://gre/modules/AsyncShutdown.sys.mjs:523:26
addBlocker@resource://gre/modules/AsyncShutdown.sys.mjs:458:15
setupShutdown@resource://gre/modules/osfile/osfile_async_front.jsm:1548:28
@resource://gre/modules/osfile/osfile_async_front.jsm:1568:16
@resource://gre/modules/osfile.jsm:12:30
@resource://gre/modules/TelemetryStorage.sys.mjs:10:28
_checkPendingPings@resource://gre/modules/TelemetrySend.sys.mjs:863:17
setup@resource://gre/modules/TelemetrySend.sys.mjs:803:18
setup@resource://gre/modules/TelemetrySend.sys.mjs:241:30
setupTelemetry/this._delayedInitTask<@resource://gre/modules/TelemetryControllerParent.sys.mjs:828:36
observe@resource://gre/modules/AsyncShutdown.sys.mjs:576:16

JavaScript error: resource://gre/modules/AsyncShutdown.sys.mjs, line 727: Error: Phase "profile-before-change" is finished, it is too late to register completion condition "OS.File: flush I/O queued before profileBeforeChange"
JavaScript error: resource://gre/modules/AsyncShutdown.sys.mjs, line 727: Error: Phase "profile-before-change" is finished, it is too late to register completion condition "OS.File: flush I/O queued before profileBeforeChange"
JavaScript error: resource://gre/modules/AsyncShutdown.sys.mjs, line 727: Error: Phase "profile-before-change" is finished, it is too late to register completion condition "OS.File: flush I/O queued before profileBeforeChange"
JavaScript error: resource://gre/modules/AsyncShutdown.sys.mjs, line 727: Error: Phase "profile-before-change" is finished, it is too late to register completion condition "OS.File: flush I/O queued before profileBeforeChange"
JavaScript error: resource://gre/modules/AsyncShutdown.sys.mjs, line 727: Error: Phase "profile-before-change" is finished, it is too late to register completion condition "OS.File: flush I/O queued before profileBeforeChange"
JavaScript error: resource://gre/modules/AsyncShutdown.sys.mjs, line 727: Error: Phase "profile-before-change" is finished, it is too late to register completion condition "OS.File: flush I/O queued before profileBeforeChange"
1681555646866	geckodriver	INFO	Listening on 127.0.0.1:60149
1681555647371	mozrunner::runner	INFO	Running command: "/Applications/Firefox.app/Contents/MacOS/firefox-bin" "--marionette" "--headless" "--remote-debugging-port" ... s" "localhost" "-foreground" "-no-remote" "-profile" "/var/folders/zb/lcqftm5j4n1g6kkydhzwt05r0000gn/T/rust_mozprofileEFaCw2"
*** You are running in headless mode.
console.warn: services.settings: Ignoring preference override of remote settings server
console.warn: services.settings: Allow by setting MOZ_REMOTE_SETTINGS_DEVTOOLS=1 in the environment
1681555648159	Marionette	INFO	Marionette enabled
1681555648292	Marionette	INFO	Listening on port 60157
Read port: 60157
console.error: "Warning: unrecognized command line flag -remote-allow-hosts\n"
WebDriver BiDi listening on ws://127.0.0.1:60150
1681555648750	RemoteAgent	WARN	TLS certificate errors will be ignored for this session
[GFX1-]: RenderCompositorSWGL failed mapping default framebuffer, no dt
console.warn: SearchSettings: "get: No settings file exists, new profile?" (new NotFoundError("Could not open the file at /var/folders/zb/lcqftm5j4n1g6kkydhzwt05r0000gn/T/rust_mozprofileEFaCw2/search.json.mozlz4", (void 0)))
DevTools listening on ws://127.0.0.1:60150/devtools/browser/c8586cc3-8269-4043-a2ed-354788b94e71
JavaScript error: http://owasp.local/wordpress//wp-includes/js/tinymce/tiny_mce_popup.js, line 98: TypeError: tinyMCE is null
JavaScript error: http://owasp.local/wordpress//wp-includes/js/tinymce/tiny_mce_popup.js, line 98: TypeError: tinyMCE is null
JavaScript error: http://owasp.local/wordpress//wp-includes/js/tinymce/themes/advanced/jscripts/color_picker.js, line 83: TypeError: tinyMCE is null
JavaScript error: http://owasp.local/wordpress//wp-includes/js/tinymce/tiny_mce_popup.js, line 98: TypeError: tinyMCE is null
JavaScript error: http://owasp.local/wordpress//wp-includes/js/tinymce/tiny_mce_popup.js, line 98: TypeError: tinyMCE is null
JavaScript warning: http://owasp.local/wordpress//wp-includes/js/tinymce/utils/form_utils.js, line 117: unreachable code after return statement
JavaScript error: http://owasp.local/wordpress//wp-includes/js/tinymce/themes/advanced/jscripts/image.js, line 1: TypeError: tinyMCE is null
JavaScript error: http://owasp.local/wordpress//wp-includes/js/tinymce/tiny_mce_popup.js, line 98: TypeError: tinyMCE is null
JavaScript warning: http://owasp.local/wordpress//wp-includes/js/tinymce/utils/form_utils.js, line 117: unreachable code after return statement
JavaScript error: http://owasp.local/wordpress//wp-includes/js/tinymce/themes/advanced/jscripts/link.js, line 1: TypeError: tinyMCE is null
JavaScript error: http://owasp.local/wordpress//wp-includes/js/tinymce/themes/advanced/link.htm, line 72: TypeError: tinyMCE is null
JavaScript error: http://owasp.local/wordpress//wp-includes/js/tinymce/tiny_mce_popup.js, line 98: TypeError: tinyMCE is null
JavaScript warning: http://owasp.local/wordpress//wp-includes/js/tinymce/themes/advanced/jscripts/source_editor.js, line 11: unreachable code after return statement
JavaScript error: http://owasp.local/wordpress//wp-includes/js/tinymce/themes/advanced/jscripts/source_editor.js, line 54: TypeError: tinyMCE is null
JavaScript error: http://owasp.local/wordpress//wp-includes/js/tinymce/tiny_mce_popup.js, line 98: TypeError: tinyMCE is null
1681555659623	Marionette	INFO	Stopped listening on port 60157
WARNING: A blocker encountered an error while we were waiting.
          Blocker:  Waiting for ping task
          Phase: TelemetryController: Waiting for pending ping activity
          State: (none)
WARNING: Error: Phase "profile-before-change" is finished, it is too late to register completion condition "OS.File: flush I/O queued before profileBeforeChange"
WARNING: addBlocker@resource://gre/modules/AsyncShutdown.sys.mjs:727:15
addBlocker@resource://gre/modules/AsyncShutdown.sys.mjs:523:26
addBlocker@resource://gre/modules/AsyncShutdown.sys.mjs:458:15
setupShutdown@resource://gre/modules/osfile/osfile_async_front.jsm:1548:28
@resource://gre/modules/osfile/osfile_async_front.jsm:1568:16
@resource://gre/modules/osfile.jsm:12:30
@resource://gre/modules/TelemetryStorage.sys.mjs:10:28
_checkPendingPings@resource://gre/modules/TelemetrySend.sys.mjs:863:17
setup@resource://gre/modules/TelemetrySend.sys.mjs:803:18
setup@resource://gre/modules/TelemetrySend.sys.mjs:241:30
setupTelemetry/this._delayedInitTask<@resource://gre/modules/TelemetryControllerParent.sys.mjs:828:36
observe@resource://gre/modules/AsyncShutdown.sys.mjs:576:16

console.error: "TelemetryScheduler.shutdown - Already shut down"
WARNING: A blocker encountered an error while we were waiting.
          Blocker:  Waiting for ping task
          Phase: TelemetryController: Waiting for pending ping activity
          State: (none)
WARNING: Error: Phase "profile-before-change" is finished, it is too late to register completion condition "OS.File: flush I/O queued before profileBeforeChange"
WARNING: addBlocker@resource://gre/modules/AsyncShutdown.sys.mjs:727:15
addBlocker@resource://gre/modules/AsyncShutdown.sys.mjs:523:26
addBlocker@resource://gre/modules/AsyncShutdown.sys.mjs:458:15
setupShutdown@resource://gre/modules/osfile/osfile_async_front.jsm:1548:28
@resource://gre/modules/osfile/osfile_async_front.jsm:1568:16
@resource://gre/modules/osfile.jsm:12:30
@resource://gre/modules/TelemetryStorage.sys.mjs:10:28
_checkPendingPings@resource://gre/modules/TelemetrySend.sys.mjs:863:17
setup@resource://gre/modules/TelemetrySend.sys.mjs:803:18
setup@resource://gre/modules/TelemetrySend.sys.mjs:241:30
setupTelemetry/this._delayedInitTask<@resource://gre/modules/TelemetryControllerParent.sys.mjs:828:36
observe@resource://gre/modules/AsyncShutdown.sys.mjs:576:16

WARNING: A blocker encountered an error while we were waiting.
          Blocker:  Waiting for ping task
          Phase: TelemetryController: Waiting for pending ping activity
          State: (none)
WARNING: Error: Phase "profile-before-change" is finished, it is too late to register completion condition "OS.File: flush I/O queued before profileBeforeChange"
WARNING: addBlocker@resource://gre/modules/AsyncShutdown.sys.mjs:727:15
addBlocker@resource://gre/modules/AsyncShutdown.sys.mjs:523:26
addBlocker@resource://gre/modules/AsyncShutdown.sys.mjs:458:15
setupShutdown@resource://gre/modules/osfile/osfile_async_front.jsm:1548:28
@resource://gre/modules/osfile/osfile_async_front.jsm:1568:16
@resource://gre/modules/osfile.jsm:12:30
@resource://gre/modules/TelemetryStorage.sys.mjs:10:28
_checkPendingPings@resource://gre/modules/TelemetrySend.sys.mjs:863:17
setup@resource://gre/modules/TelemetrySend.sys.mjs:803:18
setup@resource://gre/modules/TelemetrySend.sys.mjs:241:30
setupTelemetry/this._delayedInitTask<@resource://gre/modules/TelemetryControllerParent.sys.mjs:828:36
observe@resource://gre/modules/AsyncShutdown.sys.mjs:576:16

WARNING: A blocker encountered an error while we were waiting.
          Blocker:  TelemetryController: shutting down
          Phase: profile-before-change-telemetry
          State: Error getting state: Error: Phase "profile-before-change" is finished, it is too late to register completion condition "OS.File: flush I/O queued before profileBeforeChange" at addBlocker@resource://gre/modules/AsyncShutdown.sys.mjs:727:15
addBlocker@resource://gre/modules/AsyncShutdown.sys.mjs:523:26
addBlocker@resource://gre/modules/AsyncShutdown.sys.mjs:458:15
setupShutdown@resource://gre/modules/osfile/osfile_async_front.jsm:1548:28
@resource://gre/modules/osfile/osfile_async_front.jsm:1568:16
@resource://gre/modules/osfile.jsm:12:30
@resource://gre/modules/TelemetryStorage.sys.mjs:10:28
_checkPendingPings@resource://gre/modules/TelemetrySend.sys.mjs:863:17
setup@resource://gre/modules/TelemetrySend.sys.mjs:803:18
setup@resource://gre/modules/TelemetrySend.sys.mjs:241:30
setupTelemetry/this._delayedInitTask<@resource://gre/modules/TelemetryControllerParent.sys.mjs:828:36
observe@resource://gre/modules/AsyncShutdown.sys.mjs:576:16

WARNING: Error: Phase "profile-before-change" is finished, it is too late to register completion condition "OS.File: flush I/O queued before profileBeforeChange"
WARNING: addBlocker@resource://gre/modules/AsyncShutdown.sys.mjs:727:15
addBlocker@resource://gre/modules/AsyncShutdown.sys.mjs:523:26
addBlocker@resource://gre/modules/AsyncShutdown.sys.mjs:458:15
setupShutdown@resource://gre/modules/osfile/osfile_async_front.jsm:1548:28
@resource://gre/modules/osfile/osfile_async_front.jsm:1568:16
@resource://gre/modules/osfile.jsm:12:30
@resource://gre/modules/TelemetryStorage.sys.mjs:10:28
_checkPendingPings@resource://gre/modules/TelemetrySend.sys.mjs:863:17
setup@resource://gre/modules/TelemetrySend.sys.mjs:803:18
setup@resource://gre/modules/TelemetrySend.sys.mjs:241:30
setupTelemetry/this._delayedInitTask<@resource://gre/modules/TelemetryControllerParent.sys.mjs:828:36
observe@resource://gre/modules/AsyncShutdown.sys.mjs:576:16

JavaScript error: resource://gre/modules/AsyncShutdown.sys.mjs, line 727: Error: Phase "profile-before-change" is finished, it is too late to register completion condition "OS.File: flush I/O queued before profileBeforeChange"
JavaScript error: resource://gre/modules/AsyncShutdown.sys.mjs, line 727: Error: Phase "profile-before-change" is finished, it is too late to register completion condition "OS.File: flush I/O queued before profileBeforeChange"
JavaScript error: resource://gre/modules/AsyncShutdown.sys.mjs, line 727: Error: Phase "profile-before-change" is finished, it is too late to register completion condition "OS.File: flush I/O queued before profileBeforeChange"
JavaScript error: resource://gre/modules/AsyncShutdown.sys.mjs, line 727: Error: Phase "profile-before-change" is finished, it is too late to register completion condition "OS.File: flush I/O queued before profileBeforeChange"
JavaScript error: resource://gre/modules/AsyncShutdown.sys.mjs, line 727: Error: Phase "profile-before-change" is finished, it is too late to register completion condition "OS.File: flush I/O queued before profileBeforeChange"
JavaScript error: resource://gre/modules/AsyncShutdown.sys.mjs, line 727: Error: Phase "profile-before-change" is finished, it is too late to register completion condition "OS.File: flush I/O queued before profileBeforeChange"
1681579180178	geckodriver	INFO	Listening on 127.0.0.1:62310
1681579190292	mozrunner::runner	INFO	Running command: "/Applications/Firefox.app/Contents/MacOS/firefox-bin" "--marionette" "--headless" "--remote-debugging-port" ... s" "localhost" "-foreground" "-no-remote" "-profile" "/var/folders/zb/lcqftm5j4n1g6kkydhzwt05r0000gn/T/rust_mozprofilelYIftL"
*** You are running in headless mode.
console.warn: services.settings: Ignoring preference override of remote settings server
console.warn: services.settings: Allow by setting MOZ_REMOTE_SETTINGS_DEVTOOLS=1 in the environment
1681579191359	Marionette	INFO	Marionette enabled
1681579191510	Marionette	INFO	Listening on port 62318
Read port: 62318
console.error: "Warning: unrecognized command line flag -remote-allow-hosts\n"
WebDriver BiDi listening on ws://127.0.0.1:62311
1681579192478	RemoteAgent	WARN	TLS certificate errors will be ignored for this session
[GFX1-]: RenderCompositorSWGL failed mapping default framebuffer, no dt
console.warn: SearchSettings: "get: No settings file exists, new profile?" (new NotFoundError("Could not open the file at /var/folders/zb/lcqftm5j4n1g6kkydhzwt05r0000gn/T/rust_mozprofilelYIftL/search.json.mozlz4", (void 0)))
DevTools listening on ws://127.0.0.1:62311/devtools/browser/26cc3f50-3f43-4667-b06a-055173d027e5
JavaScript error: http://owasp.local/wordpress//wp-includes/js/tinymce/tiny_mce_popup.js, line 98: TypeError: tinyMCE is null
JavaScript error: http://owasp.local/wordpress//wp-includes/js/tinymce/themes/advanced/jscripts/color_picker.js, line 83: TypeError: tinyMCE is null
JavaScript error: http://owasp.local/wordpress//wp-includes/js/tinymce/tiny_mce_popup.js, line 98: TypeError: tinyMCE is null
JavaScript error: http://owasp.local/wordpress//wp-includes/js/tinymce/tiny_mce_popup.js, line 98: TypeError: tinyMCE is null
JavaScript error: http://owasp.local/wordpress//wp-includes/js/tinymce/tiny_mce_popup.js, line 98: TypeError: tinyMCE is null
JavaScript warning: http://owasp.local/wordpress//wp-includes/js/tinymce/utils/form_utils.js, line 117: unreachable code after return statement
JavaScript error: http://owasp.local/wordpress//wp-includes/js/tinymce/themes/advanced/jscripts/image.js, line 1: TypeError: tinyMCE is null
JavaScript error: http://owasp.local/wordpress//wp-includes/js/tinymce/tiny_mce_popup.js, line 98: TypeError: tinyMCE is null
JavaScript warning: http://owasp.local/wordpress//wp-includes/js/tinymce/utils/form_utils.js, line 117: unreachable code after return statement
JavaScript error: http://owasp.local/wordpress//wp-includes/js/tinymce/themes/advanced/jscripts/link.js, line 1: TypeError: tinyMCE is null
JavaScript error: http://owasp.local/wordpress//wp-includes/js/tinymce/themes/advanced/link.htm, line 72: TypeError: tinyMCE is null
JavaScript error: http://owasp.local/wordpress//wp-includes/js/tinymce/tiny_mce_popup.js, line 98: TypeError: tinyMCE is null
JavaScript warning: http://owasp.local/wordpress//wp-includes/js/tinymce/themes/advanced/jscripts/source_editor.js, line 11: unreachable code after return statement
JavaScript error: http://owasp.local/wordpress//wp-includes/js/tinymce/themes/advanced/jscripts/source_editor.js, line 54: TypeError: tinyMCE is null
JavaScript error: http://owasp.local/wordpress//wp-includes/js/tinymce/tiny_mce_popup.js, line 98: TypeError: tinyMCE is null
1681579208527	Marionette	INFO	Stopped listening on port 62318
WARNING: A blocker encountered an error while we were waiting.
          Blocker:  Waiting for ping task
          Phase: TelemetryController: Waiting for pending ping activity
          State: (none)
WARNING: Error: Phase "profile-before-change" is finished, it is too late to register completion condition "OS.File: flush I/O queued before profileBeforeChange"
WARNING: addBlocker@resource://gre/modules/AsyncShutdown.sys.mjs:727:15
addBlocker@resource://gre/modules/AsyncShutdown.sys.mjs:523:26
addBlocker@resource://gre/modules/AsyncShutdown.sys.mjs:458:15
setupShutdown@resource://gre/modules/osfile/osfile_async_front.jsm:1548:28
@resource://gre/modules/osfile/osfile_async_front.jsm:1568:16
@resource://gre/modules/osfile.jsm:12:30
@resource://gre/modules/TelemetryStorage.sys.mjs:10:28
_checkPendingPings@resource://gre/modules/TelemetrySend.sys.mjs:863:17
setup@resource://gre/modules/TelemetrySend.sys.mjs:803:18
setup@resource://gre/modules/TelemetrySend.sys.mjs:241:30
setupTelemetry/this._delayedInitTask<@resource://gre/modules/TelemetryControllerParent.sys.mjs:828:36
observe@resource://gre/modules/AsyncShutdown.sys.mjs:576:16

console.error: "TelemetryScheduler.shutdown - Already shut down"
WARNING: A blocker encountered an error while we were waiting.
          Blocker:  Waiting for ping task
          Phase: TelemetryController: Waiting for pending ping activity
          State: (none)
WARNING: Error: Phase "profile-before-change" is finished, it is too late to register completion condition "OS.File: flush I/O queued before profileBeforeChange"
WARNING: addBlocker@resource://gre/modules/AsyncShutdown.sys.mjs:727:15
addBlocker@resource://gre/modules/AsyncShutdown.sys.mjs:523:26
addBlocker@resource://gre/modules/AsyncShutdown.sys.mjs:458:15
setupShutdown@resource://gre/modules/osfile/osfile_async_front.jsm:1548:28
@resource://gre/modules/osfile/osfile_async_front.jsm:1568:16
@resource://gre/modules/osfile.jsm:12:30
@resource://gre/modules/TelemetryStorage.sys.mjs:10:28
_checkPendingPings@resource://gre/modules/TelemetrySend.sys.mjs:863:17
setup@resource://gre/modules/TelemetrySend.sys.mjs:803:18
setup@resource://gre/modules/TelemetrySend.sys.mjs:241:30
setupTelemetry/this._delayedInitTask<@resource://gre/modules/TelemetryControllerParent.sys.mjs:828:36
observe@resource://gre/modules/AsyncShutdown.sys.mjs:576:16

WARNING: A blocker encountered an error while we were waiting.
          Blocker:  Waiting for ping task
          Phase: TelemetryController: Waiting for pending ping activity
          State: (none)
WARNING: Error: Phase "profile-before-change" is finished, it is too late to register completion condition "OS.File: flush I/O queued before profileBeforeChange"
WARNING: addBlocker@resource://gre/modules/AsyncShutdown.sys.mjs:727:15
addBlocker@resource://gre/modules/AsyncShutdown.sys.mjs:523:26
addBlocker@resource://gre/modules/AsyncShutdown.sys.mjs:458:15
setupShutdown@resource://gre/modules/osfile/osfile_async_front.jsm:1548:28
@resource://gre/modules/osfile/osfile_async_front.jsm:1568:16
@resource://gre/modules/osfile.jsm:12:30
@resource://gre/modules/TelemetryStorage.sys.mjs:10:28
_checkPendingPings@resource://gre/modules/TelemetrySend.sys.mjs:863:17
setup@resource://gre/modules/TelemetrySend.sys.mjs:803:18
setup@resource://gre/modules/TelemetrySend.sys.mjs:241:30
setupTelemetry/this._delayedInitTask<@resource://gre/modules/TelemetryControllerParent.sys.mjs:828:36
observe@resource://gre/modules/AsyncShutdown.sys.mjs:576:16

WARNING: A blocker encountered an error while we were waiting.
          Blocker:  TelemetryController: shutting down
          Phase: profile-before-change-telemetry
          State: Error getting state: Error: Phase "profile-before-change" is finished, it is too late to register completion condition "OS.File: flush I/O queued before profileBeforeChange" at addBlocker@resource://gre/modules/AsyncShutdown.sys.mjs:727:15
addBlocker@resource://gre/modules/AsyncShutdown.sys.mjs:523:26
addBlocker@resource://gre/modules/AsyncShutdown.sys.mjs:458:15
setupShutdown@resource://gre/modules/osfile/osfile_async_front.jsm:1548:28
@resource://gre/modules/osfile/osfile_async_front.jsm:1568:16
@resource://gre/modules/osfile.jsm:12:30
@resource://gre/modules/TelemetryStorage.sys.mjs:10:28
_checkPendingPings@resource://gre/modules/TelemetrySend.sys.mjs:863:17
setup@resource://gre/modules/TelemetrySend.sys.mjs:803:18
setup@resource://gre/modules/TelemetrySend.sys.mjs:241:30
setupTelemetry/this._delayedInitTask<@resource://gre/modules/TelemetryControllerParent.sys.mjs:828:36
observe@resource://gre/modules/AsyncShutdown.sys.mjs:576:16

WARNING: Error: Phase "profile-before-change" is finished, it is too late to register completion condition "OS.File: flush I/O queued before profileBeforeChange"
WARNING: addBlocker@resource://gre/modules/AsyncShutdown.sys.mjs:727:15
addBlocker@resource://gre/modules/AsyncShutdown.sys.mjs:523:26
addBlocker@resource://gre/modules/AsyncShutdown.sys.mjs:458:15
setupShutdown@resource://gre/modules/osfile/osfile_async_front.jsm:1548:28
@resource://gre/modules/osfile/osfile_async_front.jsm:1568:16
@resource://gre/modules/osfile.jsm:12:30
@resource://gre/modules/TelemetryStorage.sys.mjs:10:28
_checkPendingPings@resource://gre/modules/TelemetrySend.sys.mjs:863:17
setup@resource://gre/modules/TelemetrySend.sys.mjs:803:18
setup@resource://gre/modules/TelemetrySend.sys.mjs:241:30
setupTelemetry/this._delayedInitTask<@resource://gre/modules/TelemetryControllerParent.sys.mjs:828:36
observe@resource://gre/modules/AsyncShutdown.sys.mjs:576:16

JavaScript error: resource://gre/modules/AsyncShutdown.sys.mjs, line 727: Error: Phase "profile-before-change" is finished, it is too late to register completion condition "OS.File: flush I/O queued before profileBeforeChange"
JavaScript error: resource://gre/modules/AsyncShutdown.sys.mjs, line 727: Error: Phase "profile-before-change" is finished, it is too late to register completion condition "OS.File: flush I/O queued before profileBeforeChange"
JavaScript error: resource://gre/modules/AsyncShutdown.sys.mjs, line 727: Error: Phase "profile-before-change" is finished, it is too late to register completion condition "OS.File: flush I/O queued before profileBeforeChange"
JavaScript error: resource://gre/modules/AsyncShutdown.sys.mjs, line 727: Error: Phase "profile-before-change" is finished, it is too late to register completion condition "OS.File: flush I/O queued before profileBeforeChange"
JavaScript error: resource://gre/modules/AsyncShutdown.sys.mjs, line 727: Error: Phase "profile-before-change" is finished, it is too late to register completion condition "OS.File: flush I/O queued before profileBeforeChange"
JavaScript error: resource://gre/modules/AsyncShutdown.sys.mjs, line 727: Error: Phase "profile-before-change" is finished, it is too late to register completion condition "OS.File: flush I/O queued before profileBeforeChange"
1681725585713	geckodriver	INFO	Listening on 127.0.0.1:53464
1681725585860	mozrunner::runner	INFO	Running command: "/Applications/Firefox.app/Contents/MacOS/firefox-bin" "--marionette" "--headless" "--remote-debugging-port" ... s" "localhost" "-foreground" "-no-remote" "-profile" "/var/folders/zb/lcqftm5j4n1g6kkydhzwt05r0000gn/T/rust_mozprofilerRq65i"
*** You are running in headless mode.
console.warn: services.settings: Ignoring preference override of remote settings server
console.warn: services.settings: Allow by setting MOZ_REMOTE_SETTINGS_DEVTOOLS=1 in the environment
1681725586658	Marionette	INFO	Marionette enabled
1681725586744	Marionette	INFO	Listening on port 53472
Read port: 53472
console.error: "Warning: unrecognized command line flag -remote-allow-hosts\n"
WebDriver BiDi listening on ws://127.0.0.1:53465
1681725587399	RemoteAgent	WARN	TLS certificate errors will be ignored for this session
[GFX1-]: RenderCompositorSWGL failed mapping default framebuffer, no dt
console.warn: SearchSettings: "get: No settings file exists, new profile?" (new NotFoundError("Could not open the file at /var/folders/zb/lcqftm5j4n1g6kkydhzwt05r0000gn/T/rust_mozprofilerRq65i/search.json.mozlz4", (void 0)))
DevTools listening on ws://127.0.0.1:53465/devtools/browser/f664662a-d680-47ae-b3b3-d1eb4517d617
JavaScript error: http://owasp.local/wordpress//wp-includes/js/tinymce/tiny_mce_popup.js, line 98: TypeError: tinyMCE is null
JavaScript error: http://owasp.local/wordpress//wp-includes/js/tinymce/tiny_mce_popup.js, line 98: TypeError: tinyMCE is null
JavaScript error: http://owasp.local/wordpress//wp-includes/js/tinymce/tiny_mce_popup.js, line 98: TypeError: tinyMCE is null
JavaScript error: http://owasp.local/wordpress//wp-includes/js/tinymce/themes/advanced/jscripts/color_picker.js, line 83: TypeError: tinyMCE is null
JavaScript error: http://owasp.local/wordpress//wp-includes/js/tinymce/tiny_mce_popup.js, line 98: TypeError: tinyMCE is null
JavaScript warning: http://owasp.local/wordpress//wp-includes/js/tinymce/utils/form_utils.js, line 117: unreachable code after return statement
JavaScript error: http://owasp.local/wordpress//wp-includes/js/tinymce/themes/advanced/jscripts/image.js, line 1: TypeError: tinyMCE is null
JavaScript error: http://owasp.local/wordpress//wp-includes/js/tinymce/tiny_mce_popup.js, line 98: TypeError: tinyMCE is null
JavaScript warning: http://owasp.local/wordpress//wp-includes/js/tinymce/utils/form_utils.js, line 117: unreachable code after return statement
JavaScript error: http://owasp.local/wordpress//wp-includes/js/tinymce/themes/advanced/jscripts/link.js, line 1: TypeError: tinyMCE is null
JavaScript error: http://owasp.local/wordpress//wp-includes/js/tinymce/themes/advanced/link.htm, line 72: TypeError: tinyMCE is null
JavaScript error: http://owasp.local/wordpress//wp-includes/js/tinymce/tiny_mce_popup.js, line 98: TypeError: tinyMCE is null
JavaScript warning: http://owasp.local/wordpress//wp-includes/js/tinymce/themes/advanced/jscripts/source_editor.js, line 11: unreachable code after return statement
JavaScript error: http://owasp.local/wordpress//wp-includes/js/tinymce/themes/advanced/jscripts/source_editor.js, line 54: TypeError: tinyMCE is null
JavaScript error: http://owasp.local/wordpress//wp-includes/js/tinymce/tiny_mce_popup.js, line 98: TypeError: tinyMCE is null
1681725599369	Marionette	INFO	Stopped listening on port 53472
WARNING: A blocker encountered an error while we were waiting.
          Blocker:  Waiting for ping task
          Phase: TelemetryController: Waiting for pending ping activity
          State: (none)
WARNING: Error: Phase "profile-before-change" is finished, it is too late to register completion condition "OS.File: flush I/O queued before profileBeforeChange"
WARNING: addBlocker@resource://gre/modules/AsyncShutdown.sys.mjs:727:15
addBlocker@resource://gre/modules/AsyncShutdown.sys.mjs:523:26
addBlocker@resource://gre/modules/AsyncShutdown.sys.mjs:458:15
setupShutdown@resource://gre/modules/osfile/osfile_async_front.jsm:1548:28
@resource://gre/modules/osfile/osfile_async_front.jsm:1568:16
@resource://gre/modules/osfile.jsm:12:30
@resource://gre/modules/TelemetryStorage.sys.mjs:10:28
_checkPendingPings@resource://gre/modules/TelemetrySend.sys.mjs:863:17
setup@resource://gre/modules/TelemetrySend.sys.mjs:803:18
setup@resource://gre/modules/TelemetrySend.sys.mjs:241:30
setupTelemetry/this._delayedInitTask<@resource://gre/modules/TelemetryControllerParent.sys.mjs:828:36
observe@resource://gre/modules/AsyncShutdown.sys.mjs:576:16

console.error: "TelemetryScheduler.shutdown - Already shut down"
WARNING: A blocker encountered an error while we were waiting.
          Blocker:  Waiting for ping task
          Phase: TelemetryController: Waiting for pending ping activity
          State: (none)
WARNING: Error: Phase "profile-before-change" is finished, it is too late to register completion condition "OS.File: flush I/O queued before profileBeforeChange"
WARNING: addBlocker@resource://gre/modules/AsyncShutdown.sys.mjs:727:15
addBlocker@resource://gre/modules/AsyncShutdown.sys.mjs:523:26
addBlocker@resource://gre/modules/AsyncShutdown.sys.mjs:458:15
setupShutdown@resource://gre/modules/osfile/osfile_async_front.jsm:1548:28
@resource://gre/modules/osfile/osfile_async_front.jsm:1568:16
@resource://gre/modules/osfile.jsm:12:30
@resource://gre/modules/TelemetryStorage.sys.mjs:10:28
_checkPendingPings@resource://gre/modules/TelemetrySend.sys.mjs:863:17
setup@resource://gre/modules/TelemetrySend.sys.mjs:803:18
setup@resource://gre/modules/TelemetrySend.sys.mjs:241:30
setupTelemetry/this._delayedInitTask<@resource://gre/modules/TelemetryControllerParent.sys.mjs:828:36
observe@resource://gre/modules/AsyncShutdown.sys.mjs:576:16

WARNING: A blocker encountered an error while we were waiting.
          Blocker:  Waiting for ping task
          Phase: TelemetryController: Waiting for pending ping activity
          State: (none)
WARNING: Error: Phase "profile-before-change" is finished, it is too late to register completion condition "OS.File: flush I/O queued before profileBeforeChange"
WARNING: addBlocker@resource://gre/modules/AsyncShutdown.sys.mjs:727:15
addBlocker@resource://gre/modules/AsyncShutdown.sys.mjs:523:26
addBlocker@resource://gre/modules/AsyncShutdown.sys.mjs:458:15
setupShutdown@resource://gre/modules/osfile/osfile_async_front.jsm:1548:28
@resource://gre/modules/osfile/osfile_async_front.jsm:1568:16
@resource://gre/modules/osfile.jsm:12:30
@resource://gre/modules/TelemetryStorage.sys.mjs:10:28
_checkPendingPings@resource://gre/modules/TelemetrySend.sys.mjs:863:17
setup@resource://gre/modules/TelemetrySend.sys.mjs:803:18
setup@resource://gre/modules/TelemetrySend.sys.mjs:241:30
setupTelemetry/this._delayedInitTask<@resource://gre/modules/TelemetryControllerParent.sys.mjs:828:36
observe@resource://gre/modules/AsyncShutdown.sys.mjs:576:16

WARNING: A blocker encountered an error while we were waiting.
          Blocker:  TelemetryController: shutting down
          Phase: profile-before-change-telemetry
          State: Error getting state: Error: Phase "profile-before-change" is finished, it is too late to register completion condition "OS.File: flush I/O queued before profileBeforeChange" at addBlocker@resource://gre/modules/AsyncShutdown.sys.mjs:727:15
addBlocker@resource://gre/modules/AsyncShutdown.sys.mjs:523:26
addBlocker@resource://gre/modules/AsyncShutdown.sys.mjs:458:15
setupShutdown@resource://gre/modules/osfile/osfile_async_front.jsm:1548:28
@resource://gre/modules/osfile/osfile_async_front.jsm:1568:16
@resource://gre/modules/osfile.jsm:12:30
@resource://gre/modules/TelemetryStorage.sys.mjs:10:28
_checkPendingPings@resource://gre/modules/TelemetrySend.sys.mjs:863:17
setup@resource://gre/modules/TelemetrySend.sys.mjs:803:18
setup@resource://gre/modules/TelemetrySend.sys.mjs:241:30
setupTelemetry/this._delayedInitTask<@resource://gre/modules/TelemetryControllerParent.sys.mjs:828:36
observe@resource://gre/modules/AsyncShutdown.sys.mjs:576:16

WARNING: Error: Phase "profile-before-change" is finished, it is too late to register completion condition "OS.File: flush I/O queued before profileBeforeChange"
WARNING: addBlocker@resource://gre/modules/AsyncShutdown.sys.mjs:727:15
addBlocker@resource://gre/modules/AsyncShutdown.sys.mjs:523:26
addBlocker@resource://gre/modules/AsyncShutdown.sys.mjs:458:15
setupShutdown@resource://gre/modules/osfile/osfile_async_front.jsm:1548:28
@resource://gre/modules/osfile/osfile_async_front.jsm:1568:16
@resource://gre/modules/osfile.jsm:12:30
@resource://gre/modules/TelemetryStorage.sys.mjs:10:28
_checkPendingPings@resource://gre/modules/TelemetrySend.sys.mjs:863:17
setup@resource://gre/modules/TelemetrySend.sys.mjs:803:18
setup@resource://gre/modules/TelemetrySend.sys.mjs:241:30
setupTelemetry/this._delayedInitTask<@resource://gre/modules/TelemetryControllerParent.sys.mjs:828:36
observe@resource://gre/modules/AsyncShutdown.sys.mjs:576:16

JavaScript error: resource://gre/modules/AsyncShutdown.sys.mjs, line 727: Error: Phase "profile-before-change" is finished, it is too late to register completion condition "OS.File: flush I/O queued before profileBeforeChange"
JavaScript error: resource://gre/modules/AsyncShutdown.sys.mjs, line 727: Error: Phase "profile-before-change" is finished, it is too late to register completion condition "OS.File: flush I/O queued before profileBeforeChange"
JavaScript error: resource://gre/modules/AsyncShutdown.sys.mjs, line 727: Error: Phase "profile-before-change" is finished, it is too late to register completion condition "OS.File: flush I/O queued before profileBeforeChange"
JavaScript error: resource://gre/modules/AsyncShutdown.sys.mjs, line 727: Error: Phase "profile-before-change" is finished, it is too late to register completion condition "OS.File: flush I/O queued before profileBeforeChange"
JavaScript error: resource://gre/modules/AsyncShutdown.sys.mjs, line 727: Error: Phase "profile-before-change" is finished, it is too late to register completion condition "OS.File: flush I/O queued before profileBeforeChange"
JavaScript error: resource://gre/modules/AsyncShutdown.sys.mjs, line 727: Error: Phase "profile-before-change" is finished, it is too late to register completion condition "OS.File: flush I/O queued before profileBeforeChange"
1681726960105	geckodriver	INFO	Listening on 127.0.0.1:54966
1681726960631	mozrunner::runner	INFO	Running command: "/Applications/Firefox.app/Contents/MacOS/firefox-bin" "--marionette" "--headless" "--remote-debugging-port" ... s" "localhost" "-foreground" "-no-remote" "-profile" "/var/folders/zb/lcqftm5j4n1g6kkydhzwt05r0000gn/T/rust_mozprofilewHWtYt"
*** You are running in headless mode.
console.warn: services.settings: Ignoring preference override of remote settings server
console.warn: services.settings: Allow by setting MOZ_REMOTE_SETTINGS_DEVTOOLS=1 in the environment
1681726961347	Marionette	INFO	Marionette enabled
1681726961431	Marionette	INFO	Listening on port 54974
Read port: 54974
console.error: "Warning: unrecognized command line flag -remote-allow-hosts\n"
WebDriver BiDi listening on ws://127.0.0.1:54967
1681726961826	RemoteAgent	WARN	TLS certificate errors will be ignored for this session
[GFX1-]: RenderCompositorSWGL failed mapping default framebuffer, no dt
console.warn: SearchSettings: "get: No settings file exists, new profile?" (new NotFoundError("Could not open the file at /var/folders/zb/lcqftm5j4n1g6kkydhzwt05r0000gn/T/rust_mozprofilewHWtYt/search.json.mozlz4", (void 0)))
DevTools listening on ws://127.0.0.1:54967/devtools/browser/1e8cb6fa-121d-418d-bf3b-9648257a16b4
JavaScript warning: http://owasp.local/jquery.min.js, line 19: unreachable code after return statement
1681726967354	Marionette	INFO	Stopped listening on port 54974
WARNING: A blocker encountered an error while we were waiting.
          Blocker:  Waiting for ping task
          Phase: TelemetryController: Waiting for pending ping activity
          State: (none)
WARNING: Error: Phase "profile-before-change" is finished, it is too late to register completion condition "OS.File: flush I/O queued before profileBeforeChange"
WARNING: addBlocker@resource://gre/modules/AsyncShutdown.sys.mjs:727:15
addBlocker@resource://gre/modules/AsyncShutdown.sys.mjs:523:26
addBlocker@resource://gre/modules/AsyncShutdown.sys.mjs:458:15
setupShutdown@resource://gre/modules/osfile/osfile_async_front.jsm:1548:28
@resource://gre/modules/osfile/osfile_async_front.jsm:1568:16
@resource://gre/modules/osfile.jsm:12:30
@resource://gre/modules/TelemetryStorage.sys.mjs:10:28
_checkPendingPings@resource://gre/modules/TelemetrySend.sys.mjs:863:17
setup@resource://gre/modules/TelemetrySend.sys.mjs:803:18
setup@resource://gre/modules/TelemetrySend.sys.mjs:241:30
setupTelemetry/this._delayedInitTask<@resource://gre/modules/TelemetryControllerParent.sys.mjs:828:36
observe@resource://gre/modules/AsyncShutdown.sys.mjs:576:16

console.error: "TelemetryScheduler.shutdown - Already shut down"
WARNING: A blocker encountered an error while we were waiting.
          Blocker:  Waiting for ping task
          Phase: TelemetryController: Waiting for pending ping activity
          State: (none)
WARNING: Error: Phase "profile-before-change" is finished, it is too late to register completion condition "OS.File: flush I/O queued before profileBeforeChange"
WARNING: addBlocker@resource://gre/modules/AsyncShutdown.sys.mjs:727:15
addBlocker@resource://gre/modules/AsyncShutdown.sys.mjs:523:26
addBlocker@resource://gre/modules/AsyncShutdown.sys.mjs:458:15
setupShutdown@resource://gre/modules/osfile/osfile_async_front.jsm:1548:28
@resource://gre/modules/osfile/osfile_async_front.jsm:1568:16
@resource://gre/modules/osfile.jsm:12:30
@resource://gre/modules/TelemetryStorage.sys.mjs:10:28
_checkPendingPings@resource://gre/modules/TelemetrySend.sys.mjs:863:17
setup@resource://gre/modules/TelemetrySend.sys.mjs:803:18
setup@resource://gre/modules/TelemetrySend.sys.mjs:241:30
setupTelemetry/this._delayedInitTask<@resource://gre/modules/TelemetryControllerParent.sys.mjs:828:36
observe@resource://gre/modules/AsyncShutdown.sys.mjs:576:16

WARNING: A blocker encountered an error while we were waiting.
          Blocker:  Waiting for ping task
          Phase: TelemetryController: Waiting for pending ping activity
          State: (none)
WARNING: Error: Phase "profile-before-change" is finished, it is too late to register completion condition "OS.File: flush I/O queued before profileBeforeChange"
WARNING: addBlocker@resource://gre/modules/AsyncShutdown.sys.mjs:727:15
addBlocker@resource://gre/modules/AsyncShutdown.sys.mjs:523:26
addBlocker@resource://gre/modules/AsyncShutdown.sys.mjs:458:15
setupShutdown@resource://gre/modules/osfile/osfile_async_front.jsm:1548:28
@resource://gre/modules/osfile/osfile_async_front.jsm:1568:16
@resource://gre/modules/osfile.jsm:12:30
@resource://gre/modules/TelemetryStorage.sys.mjs:10:28
_checkPendingPings@resource://gre/modules/TelemetrySend.sys.mjs:863:17
setup@resource://gre/modules/TelemetrySend.sys.mjs:803:18
setup@resource://gre/modules/TelemetrySend.sys.mjs:241:30
setupTelemetry/this._delayedInitTask<@resource://gre/modules/TelemetryControllerParent.sys.mjs:828:36
observe@resource://gre/modules/AsyncShutdown.sys.mjs:576:16

WARNING: A blocker encountered an error while we were waiting.
          Blocker:  TelemetryController: shutting down
          Phase: profile-before-change-telemetry
          State: Error getting state: Error: Phase "profile-before-change" is finished, it is too late to register completion condition "OS.File: flush I/O queued before profileBeforeChange" at addBlocker@resource://gre/modules/AsyncShutdown.sys.mjs:727:15
addBlocker@resource://gre/modules/AsyncShutdown.sys.mjs:523:26
addBlocker@resource://gre/modules/AsyncShutdown.sys.mjs:458:15
setupShutdown@resource://gre/modules/osfile/osfile_async_front.jsm:1548:28
@resource://gre/modules/osfile/osfile_async_front.jsm:1568:16
@resource://gre/modules/osfile.jsm:12:30
@resource://gre/modules/TelemetryStorage.sys.mjs:10:28
_checkPendingPings@resource://gre/modules/TelemetrySend.sys.mjs:863:17
setup@resource://gre/modules/TelemetrySend.sys.mjs:803:18
setup@resource://gre/modules/TelemetrySend.sys.mjs:241:30
setupTelemetry/this._delayedInitTask<@resource://gre/modules/TelemetryControllerParent.sys.mjs:828:36
observe@resource://gre/modules/AsyncShutdown.sys.mjs:576:16

WARNING: Error: Phase "profile-before-change" is finished, it is too late to register completion condition "OS.File: flush I/O queued before profileBeforeChange"
WARNING: addBlocker@resource://gre/modules/AsyncShutdown.sys.mjs:727:15
addBlocker@resource://gre/modules/AsyncShutdown.sys.mjs:523:26
addBlocker@resource://gre/modules/AsyncShutdown.sys.mjs:458:15
setupShutdown@resource://gre/modules/osfile/osfile_async_front.jsm:1548:28
@resource://gre/modules/osfile/osfile_async_front.jsm:1568:16
@resource://gre/modules/osfile.jsm:12:30
@resource://gre/modules/TelemetryStorage.sys.mjs:10:28
_checkPendingPings@resource://gre/modules/TelemetrySend.sys.mjs:863:17
setup@resource://gre/modules/TelemetrySend.sys.mjs:803:18
setup@resource://gre/modules/TelemetrySend.sys.mjs:241:30
setupTelemetry/this._delayedInitTask<@resource://gre/modules/TelemetryControllerParent.sys.mjs:828:36
observe@resource://gre/modules/AsyncShutdown.sys.mjs:576:16

JavaScript error: resource://gre/modules/AsyncShutdown.sys.mjs, line 727: Error: Phase "profile-before-change" is finished, it is too late to register completion condition "OS.File: flush I/O queued before profileBeforeChange"
JavaScript error: resource://gre/modules/AsyncShutdown.sys.mjs, line 727: Error: Phase "profile-before-change" is finished, it is too late to register completion condition "OS.File: flush I/O queued before profileBeforeChange"
JavaScript error: resource://gre/modules/AsyncShutdown.sys.mjs, line 727: Error: Phase "profile-before-change" is finished, it is too late to register completion condition "OS.File: flush I/O queued before profileBeforeChange"
JavaScript error: resource://gre/modules/AsyncShutdown.sys.mjs, line 727: Error: Phase "profile-before-change" is finished, it is too late to register completion condition "OS.File: flush I/O queued before profileBeforeChange"
JavaScript error: resource://gre/modules/AsyncShutdown.sys.mjs, line 727: Error: Phase "profile-before-change" is finished, it is too late to register completion condition "OS.File: flush I/O queued before profileBeforeChange"
JavaScript error: resource://gre/modules/AsyncShutdown.sys.mjs, line 727: Error: Phase "profile-before-change" is finished, it is too late to register completion condition "OS.File: flush I/O queued before profileBeforeChange"
1681791393365	geckodriver	INFO	Listening on 127.0.0.1:59650
1681791393565	mozrunner::runner	INFO	Running command: "/Applications/Firefox.app/Contents/MacOS/firefox-bin" "--marionette" "--headless" "--remote-debugging-port" ... s" "localhost" "-foreground" "-no-remote" "-profile" "/var/folders/zb/lcqftm5j4n1g6kkydhzwt05r0000gn/T/rust_mozprofilecwQ7v8"
*** You are running in headless mode.
console.warn: services.settings: Ignoring preference override of remote settings server
console.warn: services.settings: Allow by setting MOZ_REMOTE_SETTINGS_DEVTOOLS=1 in the environment
1681791394320	Marionette	INFO	Marionette enabled
1681791394407	Marionette	INFO	Listening on port 59658
console.error: "Warning: unrecognized command line flag -remote-allow-hosts\n"
Read port: 59658
WebDriver BiDi listening on ws://127.0.0.1:59651
1681791395076	RemoteAgent	WARN	TLS certificate errors will be ignored for this session
[GFX1-]: RenderCompositorSWGL failed mapping default framebuffer, no dt
console.warn: SearchSettings: "get: No settings file exists, new profile?" (new NotFoundError("Could not open the file at /var/folders/zb/lcqftm5j4n1g6kkydhzwt05r0000gn/T/rust_mozprofilecwQ7v8/search.json.mozlz4", (void 0)))
DevTools listening on ws://127.0.0.1:59651/devtools/browser/9b848f3c-b265-4adf-bf32-1eb77f7f555e
JavaScript warning: http://owasp.local/jquery.min.js, line 19: unreachable code after return statement
1681791400843	Marionette	INFO	Stopped listening on port 59658
WARNING: A blocker encountered an error while we were waiting.
          Blocker:  Waiting for ping task
          Phase: TelemetryController: Waiting for pending ping activity
          State: (none)
WARNING: Error: Phase "profile-before-change" is finished, it is too late to register completion condition "OS.File: flush I/O queued before profileBeforeChange"
WARNING: addBlocker@resource://gre/modules/AsyncShutdown.sys.mjs:727:15
addBlocker@resource://gre/modules/AsyncShutdown.sys.mjs:523:26
addBlocker@resource://gre/modules/AsyncShutdown.sys.mjs:458:15
setupShutdown@resource://gre/modules/osfile/osfile_async_front.jsm:1548:28
@resource://gre/modules/osfile/osfile_async_front.jsm:1568:16
@resource://gre/modules/osfile.jsm:12:30
@resource://gre/modules/TelemetryStorage.sys.mjs:10:28
_checkPendingPings@resource://gre/modules/TelemetrySend.sys.mjs:863:17
setup@resource://gre/modules/TelemetrySend.sys.mjs:803:18
setup@resource://gre/modules/TelemetrySend.sys.mjs:241:30
setupTelemetry/this._delayedInitTask<@resource://gre/modules/TelemetryControllerParent.sys.mjs:828:36
observe@resource://gre/modules/AsyncShutdown.sys.mjs:576:16

console.error: "TelemetryScheduler.shutdown - Already shut down"
WARNING: A blocker encountered an error while we were waiting.
          Blocker:  Waiting for ping task
          Phase: TelemetryController: Waiting for pending ping activity
          State: (none)
WARNING: Error: Phase "profile-before-change" is finished, it is too late to register completion condition "OS.File: flush I/O queued before profileBeforeChange"
WARNING: addBlocker@resource://gre/modules/AsyncShutdown.sys.mjs:727:15
addBlocker@resource://gre/modules/AsyncShutdown.sys.mjs:523:26
addBlocker@resource://gre/modules/AsyncShutdown.sys.mjs:458:15
setupShutdown@resource://gre/modules/osfile/osfile_async_front.jsm:1548:28
@resource://gre/modules/osfile/osfile_async_front.jsm:1568:16
@resource://gre/modules/osfile.jsm:12:30
@resource://gre/modules/TelemetryStorage.sys.mjs:10:28
_checkPendingPings@resource://gre/modules/TelemetrySend.sys.mjs:863:17
setup@resource://gre/modules/TelemetrySend.sys.mjs:803:18
setup@resource://gre/modules/TelemetrySend.sys.mjs:241:30
setupTelemetry/this._delayedInitTask<@resource://gre/modules/TelemetryControllerParent.sys.mjs:828:36
observe@resource://gre/modules/AsyncShutdown.sys.mjs:576:16

WARNING: A blocker encountered an error while we were waiting.
          Blocker:  Waiting for ping task
          Phase: TelemetryController: Waiting for pending ping activity
          State: (none)
WARNING: Error: Phase "profile-before-change" is finished, it is too late to register completion condition "OS.File: flush I/O queued before profileBeforeChange"
WARNING: addBlocker@resource://gre/modules/AsyncShutdown.sys.mjs:727:15
addBlocker@resource://gre/modules/AsyncShutdown.sys.mjs:523:26
addBlocker@resource://gre/modules/AsyncShutdown.sys.mjs:458:15
setupShutdown@resource://gre/modules/osfile/osfile_async_front.jsm:1548:28
@resource://gre/modules/osfile/osfile_async_front.jsm:1568:16
@resource://gre/modules/osfile.jsm:12:30
@resource://gre/modules/TelemetryStorage.sys.mjs:10:28
_checkPendingPings@resource://gre/modules/TelemetrySend.sys.mjs:863:17
setup@resource://gre/modules/TelemetrySend.sys.mjs:803:18
setup@resource://gre/modules/TelemetrySend.sys.mjs:241:30
setupTelemetry/this._delayedInitTask<@resource://gre/modules/TelemetryControllerParent.sys.mjs:828:36
observe@resource://gre/modules/AsyncShutdown.sys.mjs:576:16

WARNING: A blocker encountered an error while we were waiting.
          Blocker:  TelemetryController: shutting down
          Phase: profile-before-change-telemetry
          State: Error getting state: Error: Phase "profile-before-change" is finished, it is too late to register completion condition "OS.File: flush I/O queued before profileBeforeChange" at addBlocker@resource://gre/modules/AsyncShutdown.sys.mjs:727:15
addBlocker@resource://gre/modules/AsyncShutdown.sys.mjs:523:26
addBlocker@resource://gre/modules/AsyncShutdown.sys.mjs:458:15
setupShutdown@resource://gre/modules/osfile/osfile_async_front.jsm:1548:28
@resource://gre/modules/osfile/osfile_async_front.jsm:1568:16
@resource://gre/modules/osfile.jsm:12:30
@resource://gre/modules/TelemetryStorage.sys.mjs:10:28
_checkPendingPings@resource://gre/modules/TelemetrySend.sys.mjs:863:17
setup@resource://gre/modules/TelemetrySend.sys.mjs:803:18
setup@resource://gre/modules/TelemetrySend.sys.mjs:241:30
setupTelemetry/this._delayedInitTask<@resource://gre/modules/TelemetryControllerParent.sys.mjs:828:36
observe@resource://gre/modules/AsyncShutdown.sys.mjs:576:16

WARNING: Error: Phase "profile-before-change" is finished, it is too late to register completion condition "OS.File: flush I/O queued before profileBeforeChange"
WARNING: addBlocker@resource://gre/modules/AsyncShutdown.sys.mjs:727:15
addBlocker@resource://gre/modules/AsyncShutdown.sys.mjs:523:26
addBlocker@resource://gre/modules/AsyncShutdown.sys.mjs:458:15
setupShutdown@resource://gre/modules/osfile/osfile_async_front.jsm:1548:28
@resource://gre/modules/osfile/osfile_async_front.jsm:1568:16
@resource://gre/modules/osfile.jsm:12:30
@resource://gre/modules/TelemetryStorage.sys.mjs:10:28
_checkPendingPings@resource://gre/modules/TelemetrySend.sys.mjs:863:17
setup@resource://gre/modules/TelemetrySend.sys.mjs:803:18
setup@resource://gre/modules/TelemetrySend.sys.mjs:241:30
setupTelemetry/this._delayedInitTask<@resource://gre/modules/TelemetryControllerParent.sys.mjs:828:36
observe@resource://gre/modules/AsyncShutdown.sys.mjs:576:16

JavaScript error: resource://gre/modules/AsyncShutdown.sys.mjs, line 727: Error: Phase "profile-before-change" is finished, it is too late to register completion condition "OS.File: flush I/O queued before profileBeforeChange"
JavaScript error: resource://gre/modules/AsyncShutdown.sys.mjs, line 727: Error: Phase "profile-before-change" is finished, it is too late to register completion condition "OS.File: flush I/O queued before profileBeforeChange"
JavaScript error: resource://gre/modules/AsyncShutdown.sys.mjs, line 727: Error: Phase "profile-before-change" is finished, it is too late to register completion condition "OS.File: flush I/O queued before profileBeforeChange"
JavaScript error: resource://gre/modules/AsyncShutdown.sys.mjs, line 727: Error: Phase "profile-before-change" is finished, it is too late to register completion condition "OS.File: flush I/O queued before profileBeforeChange"
JavaScript error: resource://gre/modules/AsyncShutdown.sys.mjs, line 727: Error: Phase "profile-before-change" is finished, it is too late to register completion condition "OS.File: flush I/O queued before profileBeforeChange"
JavaScript error: resource://gre/modules/AsyncShutdown.sys.mjs, line 727: Error: Phase "profile-before-change" is finished, it is too late to register completion condition "OS.File: flush I/O queued before profileBeforeChange"
1681835885465	geckodriver	INFO	Listening on 127.0.0.1:58963
1681835885882	mozrunner::runner	INFO	Running command: "/Applications/Firefox.app/Contents/MacOS/firefox-bin" "--marionette" "--headless" "--remote-debugging-port" ... s" "localhost" "-foreground" "-no-remote" "-profile" "/var/folders/zb/lcqftm5j4n1g6kkydhzwt05r0000gn/T/rust_mozprofileVo97qb"
*** You are running in headless mode.
console.warn: services.settings: Ignoring preference override of remote settings server
console.warn: services.settings: Allow by setting MOZ_REMOTE_SETTINGS_DEVTOOLS=1 in the environment
1681835887023	Marionette	INFO	Marionette enabled
1681835887203	Marionette	INFO	Listening on port 58973
Read port: 58973
console.error: "Warning: unrecognized command line flag -remote-allow-hosts\n"
WebDriver BiDi listening on ws://127.0.0.1:58964
Read port: 58973
1681835888464	RemoteAgent	WARN	TLS certificate errors will be ignored for this session
[GFX1-]: RenderCompositorSWGL failed mapping default framebuffer, no dt
console.warn: SearchSettings: "get: No settings file exists, new profile?" (new NotFoundError("Could not open the file at /var/folders/zb/lcqftm5j4n1g6kkydhzwt05r0000gn/T/rust_mozprofileVo97qb/search.json.mozlz4", (void 0)))
DevTools listening on ws://127.0.0.1:58964/devtools/browser/fa861fde-1abb-4636-92c6-5534d5a0b060
JavaScript warning: http://owasp.local/jquery.min.js, line 19: unreachable code after return statement
1681835897929	Marionette	INFO	Stopped listening on port 58973
WARNING: A blocker encountered an error while we were waiting.
          Blocker:  Waiting for ping task
          Phase: TelemetryController: Waiting for pending ping activity
          State: (none)
WARNING: Error: Phase "profile-before-change" is finished, it is too late to register completion condition "OS.File: flush I/O queued before profileBeforeChange"
WARNING: addBlocker@resource://gre/modules/AsyncShutdown.sys.mjs:727:15
addBlocker@resource://gre/modules/AsyncShutdown.sys.mjs:523:26
addBlocker@resource://gre/modules/AsyncShutdown.sys.mjs:458:15
setupShutdown@resource://gre/modules/osfile/osfile_async_front.jsm:1548:28
@resource://gre/modules/osfile/osfile_async_front.jsm:1568:16
@resource://gre/modules/osfile.jsm:12:30
@resource://gre/modules/TelemetryStorage.sys.mjs:10:28
_checkPendingPings@resource://gre/modules/TelemetrySend.sys.mjs:863:17
setup@resource://gre/modules/TelemetrySend.sys.mjs:803:18
setup@resource://gre/modules/TelemetrySend.sys.mjs:241:30
setupTelemetry/this._delayedInitTask<@resource://gre/modules/TelemetryControllerParent.sys.mjs:828:36
observe@resource://gre/modules/AsyncShutdown.sys.mjs:576:16

console.error: "TelemetryScheduler.shutdown - Already shut down"
WARNING: A blocker encountered an error while we were waiting.
          Blocker:  Waiting for ping task
          Phase: TelemetryController: Waiting for pending ping activity
          State: (none)
WARNING: Error: Phase "profile-before-change" is finished, it is too late to register completion condition "OS.File: flush I/O queued before profileBeforeChange"
WARNING: addBlocker@resource://gre/modules/AsyncShutdown.sys.mjs:727:15
addBlocker@resource://gre/modules/AsyncShutdown.sys.mjs:523:26
addBlocker@resource://gre/modules/AsyncShutdown.sys.mjs:458:15
setupShutdown@resource://gre/modules/osfile/osfile_async_front.jsm:1548:28
@resource://gre/modules/osfile/osfile_async_front.jsm:1568:16
@resource://gre/modules/osfile.jsm:12:30
@resource://gre/modules/TelemetryStorage.sys.mjs:10:28
_checkPendingPings@resource://gre/modules/TelemetrySend.sys.mjs:863:17
setup@resource://gre/modules/TelemetrySend.sys.mjs:803:18
setup@resource://gre/modules/TelemetrySend.sys.mjs:241:30
setupTelemetry/this._delayedInitTask<@resource://gre/modules/TelemetryControllerParent.sys.mjs:828:36
observe@resource://gre/modules/AsyncShutdown.sys.mjs:576:16

WARNING: A blocker encountered an error while we were waiting.
          Blocker:  Waiting for ping task
          Phase: TelemetryController: Waiting for pending ping activity
          State: (none)
WARNING: Error: Phase "profile-before-change" is finished, it is too late to register completion condition "OS.File: flush I/O queued before profileBeforeChange"
WARNING: addBlocker@resource://gre/modules/AsyncShutdown.sys.mjs:727:15
addBlocker@resource://gre/modules/AsyncShutdown.sys.mjs:523:26
addBlocker@resource://gre/modules/AsyncShutdown.sys.mjs:458:15
setupShutdown@resource://gre/modules/osfile/osfile_async_front.jsm:1548:28
@resource://gre/modules/osfile/osfile_async_front.jsm:1568:16
@resource://gre/modules/osfile.jsm:12:30
@resource://gre/modules/TelemetryStorage.sys.mjs:10:28
_checkPendingPings@resource://gre/modules/TelemetrySend.sys.mjs:863:17
setup@resource://gre/modules/TelemetrySend.sys.mjs:803:18
setup@resource://gre/modules/TelemetrySend.sys.mjs:241:30
setupTelemetry/this._delayedInitTask<@resource://gre/modules/TelemetryControllerParent.sys.mjs:828:36
observe@resource://gre/modules/AsyncShutdown.sys.mjs:576:16

WARNING: A blocker encountered an error while we were waiting.
          Blocker:  TelemetryController: shutting down
          Phase: profile-before-change-telemetry
          State: Error getting state: Error: Phase "profile-before-change" is finished, it is too late to register completion condition "OS.File: flush I/O queued before profileBeforeChange" at addBlocker@resource://gre/modules/AsyncShutdown.sys.mjs:727:15
addBlocker@resource://gre/modules/AsyncShutdown.sys.mjs:523:26
addBlocker@resource://gre/modules/AsyncShutdown.sys.mjs:458:15
setupShutdown@resource://gre/modules/osfile/osfile_async_front.jsm:1548:28
@resource://gre/modules/osfile/osfile_async_front.jsm:1568:16
@resource://gre/modules/osfile.jsm:12:30
@resource://gre/modules/TelemetryStorage.sys.mjs:10:28
_checkPendingPings@resource://gre/modules/TelemetrySend.sys.mjs:863:17
setup@resource://gre/modules/TelemetrySend.sys.mjs:803:18
setup@resource://gre/modules/TelemetrySend.sys.mjs:241:30
setupTelemetry/this._delayedInitTask<@resource://gre/modules/TelemetryControllerParent.sys.mjs:828:36
observe@resource://gre/modules/AsyncShutdown.sys.mjs:576:16

WARNING: Error: Phase "profile-before-change" is finished, it is too late to register completion condition "OS.File: flush I/O queued before profileBeforeChange"
WARNING: addBlocker@resource://gre/modules/AsyncShutdown.sys.mjs:727:15
addBlocker@resource://gre/modules/AsyncShutdown.sys.mjs:523:26
addBlocker@resource://gre/modules/AsyncShutdown.sys.mjs:458:15
setupShutdown@resource://gre/modules/osfile/osfile_async_front.jsm:1548:28
@resource://gre/modules/osfile/osfile_async_front.jsm:1568:16
@resource://gre/modules/osfile.jsm:12:30
@resource://gre/modules/TelemetryStorage.sys.mjs:10:28
_checkPendingPings@resource://gre/modules/TelemetrySend.sys.mjs:863:17
setup@resource://gre/modules/TelemetrySend.sys.mjs:803:18
setup@resource://gre/modules/TelemetrySend.sys.mjs:241:30
setupTelemetry/this._delayedInitTask<@resource://gre/modules/TelemetryControllerParent.sys.mjs:828:36
observe@resource://gre/modules/AsyncShutdown.sys.mjs:576:16

JavaScript error: resource://gre/modules/AsyncShutdown.sys.mjs, line 727: Error: Phase "profile-before-change" is finished, it is too late to register completion condition "OS.File: flush I/O queued before profileBeforeChange"
JavaScript error: resource://gre/modules/AsyncShutdown.sys.mjs, line 727: Error: Phase "profile-before-change" is finished, it is too late to register completion condition "OS.File: flush I/O queued before profileBeforeChange"
JavaScript error: resource://gre/modules/AsyncShutdown.sys.mjs, line 727: Error: Phase "profile-before-change" is finished, it is too late to register completion condition "OS.File: flush I/O queued before profileBeforeChange"
JavaScript error: resource://gre/modules/AsyncShutdown.sys.mjs, line 727: Error: Phase "profile-before-change" is finished, it is too late to register completion condition "OS.File: flush I/O queued before profileBeforeChange"
JavaScript error: resource://gre/modules/AsyncShutdown.sys.mjs, line 727: Error: Phase "profile-before-change" is finished, it is too late to register completion condition "OS.File: flush I/O queued before profileBeforeChange"
JavaScript error: resource://gre/modules/AsyncShutdown.sys.mjs, line 727: Error: Phase "profile-before-change" is finished, it is too late to register completion condition "OS.File: flush I/O queued before profileBeforeChange"
1681865008429	geckodriver	INFO	Listening on 127.0.0.1:63256
1681865008948	mozrunner::runner	INFO	Running command: "/Applications/Firefox.app/Contents/MacOS/firefox-bin" "--marionette" "--headless" "--remote-debugging-port" ... s" "localhost" "-foreground" "-no-remote" "-profile" "/var/folders/zb/lcqftm5j4n1g6kkydhzwt05r0000gn/T/rust_mozprofileeRi1Yk"
*** You are running in headless mode.
console.warn: services.settings: Ignoring preference override of remote settings server
console.warn: services.settings: Allow by setting MOZ_REMOTE_SETTINGS_DEVTOOLS=1 in the environment
1681865011091	Marionette	INFO	Marionette enabled
1681865011264	Marionette	INFO	Listening on port 63264
Read port: 63264
console.error: "Warning: unrecognized command line flag -remote-allow-hosts\n"
Read port: 63264
WebDriver BiDi listening on ws://127.0.0.1:63257
1681865013359	RemoteAgent	WARN	TLS certificate errors will be ignored for this session
[GFX1-]: RenderCompositorSWGL failed mapping default framebuffer, no dt
console.warn: SearchSettings: "get: No settings file exists, new profile?" (new NotFoundError("Could not open the file at /var/folders/zb/lcqftm5j4n1g6kkydhzwt05r0000gn/T/rust_mozprofileeRi1Yk/search.json.mozlz4", (void 0)))
DevTools listening on ws://127.0.0.1:63257/devtools/browser/841e5334-7481-4bea-ba79-3b8737b4b48a
JavaScript warning: http://owasp.local/jquery.min.js, line 19: unreachable code after return statement
1681865023526	Marionette	INFO	Stopped listening on port 63264
WARNING: A blocker encountered an error while we were waiting.
          Blocker:  Waiting for ping task
          Phase: TelemetryController: Waiting for pending ping activity
          State: (none)
WARNING: Error: Phase "profile-before-change" is finished, it is too late to register completion condition "OS.File: flush I/O queued before profileBeforeChange"
WARNING: addBlocker@resource://gre/modules/AsyncShutdown.sys.mjs:727:15
addBlocker@resource://gre/modules/AsyncShutdown.sys.mjs:523:26
addBlocker@resource://gre/modules/AsyncShutdown.sys.mjs:458:15
setupShutdown@resource://gre/modules/osfile/osfile_async_front.jsm:1548:28
@resource://gre/modules/osfile/osfile_async_front.jsm:1568:16
@resource://gre/modules/osfile.jsm:12:30
@resource://gre/modules/TelemetryStorage.sys.mjs:10:28
_checkPendingPings@resource://gre/modules/TelemetrySend.sys.mjs:863:17
setup@resource://gre/modules/TelemetrySend.sys.mjs:803:18
setup@resource://gre/modules/TelemetrySend.sys.mjs:241:30
setupTelemetry/this._delayedInitTask<@resource://gre/modules/TelemetryControllerParent.sys.mjs:828:36
observe@resource://gre/modules/AsyncShutdown.sys.mjs:576:16

console.error: "TelemetryScheduler.shutdown - Already shut down"
WARNING: A blocker encountered an error while we were waiting.
          Blocker:  Waiting for ping task
          Phase: TelemetryController: Waiting for pending ping activity
          State: (none)
WARNING: Error: Phase "profile-before-change" is finished, it is too late to register completion condition "OS.File: flush I/O queued before profileBeforeChange"
WARNING: addBlocker@resource://gre/modules/AsyncShutdown.sys.mjs:727:15
addBlocker@resource://gre/modules/AsyncShutdown.sys.mjs:523:26
addBlocker@resource://gre/modules/AsyncShutdown.sys.mjs:458:15
setupShutdown@resource://gre/modules/osfile/osfile_async_front.jsm:1548:28
@resource://gre/modules/osfile/osfile_async_front.jsm:1568:16
@resource://gre/modules/osfile.jsm:12:30
@resource://gre/modules/TelemetryStorage.sys.mjs:10:28
_checkPendingPings@resource://gre/modules/TelemetrySend.sys.mjs:863:17
setup@resource://gre/modules/TelemetrySend.sys.mjs:803:18
setup@resource://gre/modules/TelemetrySend.sys.mjs:241:30
setupTelemetry/this._delayedInitTask<@resource://gre/modules/TelemetryControllerParent.sys.mjs:828:36
observe@resource://gre/modules/AsyncShutdown.sys.mjs:576:16

WARNING: A blocker encountered an error while we were waiting.
          Blocker:  Waiting for ping task
          Phase: TelemetryController: Waiting for pending ping activity
          State: (none)
WARNING: Error: Phase "profile-before-change" is finished, it is too late to register completion condition "OS.File: flush I/O queued before profileBeforeChange"
WARNING: addBlocker@resource://gre/modules/AsyncShutdown.sys.mjs:727:15
addBlocker@resource://gre/modules/AsyncShutdown.sys.mjs:523:26
addBlocker@resource://gre/modules/AsyncShutdown.sys.mjs:458:15
setupShutdown@resource://gre/modules/osfile/osfile_async_front.jsm:1548:28
@resource://gre/modules/osfile/osfile_async_front.jsm:1568:16
@resource://gre/modules/osfile.jsm:12:30
@resource://gre/modules/TelemetryStorage.sys.mjs:10:28
_checkPendingPings@resource://gre/modules/TelemetrySend.sys.mjs:863:17
setup@resource://gre/modules/TelemetrySend.sys.mjs:803:18
setup@resource://gre/modules/TelemetrySend.sys.mjs:241:30
setupTelemetry/this._delayedInitTask<@resource://gre/modules/TelemetryControllerParent.sys.mjs:828:36
observe@resource://gre/modules/AsyncShutdown.sys.mjs:576:16

WARNING: A blocker encountered an error while we were waiting.
          Blocker:  TelemetryController: shutting down
          Phase: profile-before-change-telemetry
          State: Error getting state: Error: Phase "profile-before-change" is finished, it is too late to register completion condition "OS.File: flush I/O queued before profileBeforeChange" at addBlocker@resource://gre/modules/AsyncShutdown.sys.mjs:727:15
addBlocker@resource://gre/modules/AsyncShutdown.sys.mjs:523:26
addBlocker@resource://gre/modules/AsyncShutdown.sys.mjs:458:15
setupShutdown@resource://gre/modules/osfile/osfile_async_front.jsm:1548:28
@resource://gre/modules/osfile/osfile_async_front.jsm:1568:16
@resource://gre/modules/osfile.jsm:12:30
@resource://gre/modules/TelemetryStorage.sys.mjs:10:28
_checkPendingPings@resource://gre/modules/TelemetrySend.sys.mjs:863:17
setup@resource://gre/modules/TelemetrySend.sys.mjs:803:18
setup@resource://gre/modules/TelemetrySend.sys.mjs:241:30
setupTelemetry/this._delayedInitTask<@resource://gre/modules/TelemetryControllerParent.sys.mjs:828:36
observe@resource://gre/modules/AsyncShutdown.sys.mjs:576:16

WARNING: Error: Phase "profile-before-change" is finished, it is too late to register completion condition "OS.File: flush I/O queued before profileBeforeChange"
WARNING: addBlocker@resource://gre/modules/AsyncShutdown.sys.mjs:727:15
addBlocker@resource://gre/modules/AsyncShutdown.sys.mjs:523:26
addBlocker@resource://gre/modules/AsyncShutdown.sys.mjs:458:15
setupShutdown@resource://gre/modules/osfile/osfile_async_front.jsm:1548:28
@resource://gre/modules/osfile/osfile_async_front.jsm:1568:16
@resource://gre/modules/osfile.jsm:12:30
@resource://gre/modules/TelemetryStorage.sys.mjs:10:28
_checkPendingPings@resource://gre/modules/TelemetrySend.sys.mjs:863:17
setup@resource://gre/modules/TelemetrySend.sys.mjs:803:18
setup@resource://gre/modules/TelemetrySend.sys.mjs:241:30
setupTelemetry/this._delayedInitTask<@resource://gre/modules/TelemetryControllerParent.sys.mjs:828:36
observe@resource://gre/modules/AsyncShutdown.sys.mjs:576:16

JavaScript error: resource://gre/modules/AsyncShutdown.sys.mjs, line 727: Error: Phase "profile-before-change" is finished, it is too late to register completion condition "OS.File: flush I/O queued before profileBeforeChange"
JavaScript error: resource://gre/modules/AsyncShutdown.sys.mjs, line 727: Error: Phase "profile-before-change" is finished, it is too late to register completion condition "OS.File: flush I/O queued before profileBeforeChange"
JavaScript error: resource://gre/modules/AsyncShutdown.sys.mjs, line 727: Error: Phase "profile-before-change" is finished, it is too late to register completion condition "OS.File: flush I/O queued before profileBeforeChange"
JavaScript error: resource://gre/modules/AsyncShutdown.sys.mjs, line 727: Error: Phase "profile-before-change" is finished, it is too late to register completion condition "OS.File: flush I/O queued before profileBeforeChange"
JavaScript error: resource://gre/modules/AsyncShutdown.sys.mjs, line 727: Error: Phase "profile-before-change" is finished, it is too late to register completion condition "OS.File: flush I/O queued before profileBeforeChange"
JavaScript error: resource://gre/modules/AsyncShutdown.sys.mjs, line 727: Error: Phase "profile-before-change" is finished, it is too late to register completion condition "OS.File: flush I/O queued before profileBeforeChange"
1681880840472	geckodriver	INFO	Listening on 127.0.0.1:50595
1681880840581	mozrunner::runner	INFO	Running command: "/Applications/Firefox.app/Contents/MacOS/firefox-bin" "--marionette" "--headless" "--remote-debugging-port" ... s" "localhost" "-foreground" "-no-remote" "-profile" "/var/folders/zb/lcqftm5j4n1g6kkydhzwt05r0000gn/T/rust_mozprofilehWdIAc"
*** You are running in headless mode.
console.warn: services.settings: Ignoring preference override of remote settings server
console.warn: services.settings: Allow by setting MOZ_REMOTE_SETTINGS_DEVTOOLS=1 in the environment
1681880842209	Marionette	INFO	Marionette enabled
1681880842527	Marionette	INFO	Listening on port 50601
Read port: 50601
console.error: "Warning: unrecognized command line flag -remote-allow-hosts\n"
WebDriver BiDi listening on ws://127.0.0.1:50596
1681880843076	RemoteAgent	WARN	TLS certificate errors will be ignored for this session
[GFX1-]: RenderCompositorSWGL failed mapping default framebuffer, no dt
console.warn: SearchSettings: "get: No settings file exists, new profile?" (new NotFoundError("Could not open the file at /var/folders/zb/lcqftm5j4n1g6kkydhzwt05r0000gn/T/rust_mozprofilehWdIAc/search.json.mozlz4", (void 0)))
[ERROR glean_core] Error setting metrics feature config: Json(Error("EOF while parsing a value", line: 1, column: 0))
DevTools listening on ws://127.0.0.1:50596/devtools/browser/7178d012-74c2-4fb4-a205-ef6023ff6509
1681880850979	Marionette	INFO	Stopped listening on port 50601
WARNING: A blocker encountered an error while we were waiting.
          Blocker:  Waiting for ping task
          Phase: TelemetryController: Waiting for pending ping activity
          State: (none)
WARNING: Error: Phase "profile-before-change" is finished, it is too late to register completion condition "OS.File: flush I/O queued before profileBeforeChange"
WARNING: addBlocker@resource://gre/modules/AsyncShutdown.sys.mjs:727:15
addBlocker@resource://gre/modules/AsyncShutdown.sys.mjs:523:26
addBlocker@resource://gre/modules/AsyncShutdown.sys.mjs:458:15
setupShutdown@resource://gre/modules/osfile/osfile_async_front.jsm:1548:28
@resource://gre/modules/osfile/osfile_async_front.jsm:1568:16
@resource://gre/modules/osfile.jsm:12:30
@resource://gre/modules/TelemetryStorage.sys.mjs:10:28
_checkPendingPings@resource://gre/modules/TelemetrySend.sys.mjs:863:17
setup@resource://gre/modules/TelemetrySend.sys.mjs:803:18
setup@resource://gre/modules/TelemetrySend.sys.mjs:241:30
setupTelemetry/this._delayedInitTask<@resource://gre/modules/TelemetryControllerParent.sys.mjs:824:36
observe@resource://gre/modules/AsyncShutdown.sys.mjs:576:16

console.error: "TelemetryScheduler.shutdown - Already shut down"
WARNING: A blocker encountered an error while we were waiting.
          Blocker:  Waiting for ping task
          Phase: TelemetryController: Waiting for pending ping activity
          State: (none)
WARNING: Error: Phase "profile-before-change" is finished, it is too late to register completion condition "OS.File: flush I/O queued before profileBeforeChange"
WARNING: addBlocker@resource://gre/modules/AsyncShutdown.sys.mjs:727:15
addBlocker@resource://gre/modules/AsyncShutdown.sys.mjs:523:26
addBlocker@resource://gre/modules/AsyncShutdown.sys.mjs:458:15
setupShutdown@resource://gre/modules/osfile/osfile_async_front.jsm:1548:28
@resource://gre/modules/osfile/osfile_async_front.jsm:1568:16
@resource://gre/modules/osfile.jsm:12:30
@resource://gre/modules/TelemetryStorage.sys.mjs:10:28
_checkPendingPings@resource://gre/modules/TelemetrySend.sys.mjs:863:17
setup@resource://gre/modules/TelemetrySend.sys.mjs:803:18
setup@resource://gre/modules/TelemetrySend.sys.mjs:241:30
setupTelemetry/this._delayedInitTask<@resource://gre/modules/TelemetryControllerParent.sys.mjs:824:36
observe@resource://gre/modules/AsyncShutdown.sys.mjs:576:16

WARNING: A blocker encountered an error while we were waiting.
          Blocker:  Waiting for ping task
          Phase: TelemetryController: Waiting for pending ping activity
          State: (none)
WARNING: Error: Phase "profile-before-change" is finished, it is too late to register completion condition "OS.File: flush I/O queued before profileBeforeChange"
WARNING: addBlocker@resource://gre/modules/AsyncShutdown.sys.mjs:727:15
addBlocker@resource://gre/modules/AsyncShutdown.sys.mjs:523:26
addBlocker@resource://gre/modules/AsyncShutdown.sys.mjs:458:15
setupShutdown@resource://gre/modules/osfile/osfile_async_front.jsm:1548:28
@resource://gre/modules/osfile/osfile_async_front.jsm:1568:16
@resource://gre/modules/osfile.jsm:12:30
@resource://gre/modules/TelemetryStorage.sys.mjs:10:28
_checkPendingPings@resource://gre/modules/TelemetrySend.sys.mjs:863:17
setup@resource://gre/modules/TelemetrySend.sys.mjs:803:18
setup@resource://gre/modules/TelemetrySend.sys.mjs:241:30
setupTelemetry/this._delayedInitTask<@resource://gre/modules/TelemetryControllerParent.sys.mjs:824:36
observe@resource://gre/modules/AsyncShutdown.sys.mjs:576:16

WARNING: A blocker encountered an error while we were waiting.
          Blocker:  TelemetryController: shutting down
          Phase: profile-before-change-telemetry
          State: Error getting state: Error: Phase "profile-before-change" is finished, it is too late to register completion condition "OS.File: flush I/O queued before profileBeforeChange" at addBlocker@resource://gre/modules/AsyncShutdown.sys.mjs:727:15
addBlocker@resource://gre/modules/AsyncShutdown.sys.mjs:523:26
addBlocker@resource://gre/modules/AsyncShutdown.sys.mjs:458:15
setupShutdown@resource://gre/modules/osfile/osfile_async_front.jsm:1548:28
@resource://gre/modules/osfile/osfile_async_front.jsm:1568:16
@resource://gre/modules/osfile.jsm:12:30
@resource://gre/modules/TelemetryStorage.sys.mjs:10:28
_checkPendingPings@resource://gre/modules/TelemetrySend.sys.mjs:863:17
setup@resource://gre/modules/TelemetrySend.sys.mjs:803:18
setup@resource://gre/modules/TelemetrySend.sys.mjs:241:30
setupTelemetry/this._delayedInitTask<@resource://gre/modules/TelemetryControllerParent.sys.mjs:824:36
observe@resource://gre/modules/AsyncShutdown.sys.mjs:576:16

WARNING: Error: Phase "profile-before-change" is finished, it is too late to register completion condition "OS.File: flush I/O queued before profileBeforeChange"
WARNING: addBlocker@resource://gre/modules/AsyncShutdown.sys.mjs:727:15
addBlocker@resource://gre/modules/AsyncShutdown.sys.mjs:523:26
addBlocker@resource://gre/modules/AsyncShutdown.sys.mjs:458:15
setupShutdown@resource://gre/modules/osfile/osfile_async_front.jsm:1548:28
@resource://gre/modules/osfile/osfile_async_front.jsm:1568:16
@resource://gre/modules/osfile.jsm:12:30
@resource://gre/modules/TelemetryStorage.sys.mjs:10:28
_checkPendingPings@resource://gre/modules/TelemetrySend.sys.mjs:863:17
setup@resource://gre/modules/TelemetrySend.sys.mjs:803:18
setup@resource://gre/modules/TelemetrySend.sys.mjs:241:30
setupTelemetry/this._delayedInitTask<@resource://gre/modules/TelemetryControllerParent.sys.mjs:824:36
observe@resource://gre/modules/AsyncShutdown.sys.mjs:576:16

JavaScript error: resource://gre/modules/AsyncShutdown.sys.mjs, line 727: Error: Phase "profile-before-change" is finished, it is too late to register completion condition "OS.File: flush I/O queued before profileBeforeChange"
JavaScript error: resource://gre/modules/AsyncShutdown.sys.mjs, line 727: Error: Phase "profile-before-change" is finished, it is too late to register completion condition "OS.File: flush I/O queued before profileBeforeChange"
JavaScript error: resource://gre/modules/AsyncShutdown.sys.mjs, line 727: Error: Phase "profile-before-change" is finished, it is too late to register completion condition "OS.File: flush I/O queued before profileBeforeChange"
JavaScript error: resource://gre/modules/AsyncShutdown.sys.mjs, line 727: Error: Phase "profile-before-change" is finished, it is too late to register completion condition "OS.File: flush I/O queued before profileBeforeChange"
JavaScript error: resource://gre/modules/AsyncShutdown.sys.mjs, line 727: Error: Phase "profile-before-change" is finished, it is too late to register completion condition "OS.File: flush I/O queued before profileBeforeChange"
JavaScript error: resource://gre/modules/AsyncShutdown.sys.mjs, line 727: Error: Phase "profile-before-change" is finished, it is too late to register completion condition "OS.File: flush I/O queued before profileBeforeChange"
1681907845484	geckodriver	INFO	Listening on 127.0.0.1:53580
1681907846203	mozrunner::runner	INFO	Running command: "/Applications/Firefox.app/Contents/MacOS/firefox-bin" "--marionette" "--headless" "--remote-debugging-port" ... s" "localhost" "-foreground" "-no-remote" "-profile" "/var/folders/zb/lcqftm5j4n1g6kkydhzwt05r0000gn/T/rust_mozprofileSPosTF"
*** You are running in headless mode.
console.warn: services.settings: Ignoring preference override of remote settings server
console.warn: services.settings: Allow by setting MOZ_REMOTE_SETTINGS_DEVTOOLS=1 in the environment
1681907848407	Marionette	INFO	Marionette enabled
1681907849922	Marionette	INFO	Listening on port 53590
Read port: 53590
console.error: "Warning: unrecognized command line flag -remote-allow-hosts\n"
WebDriver BiDi listening on ws://127.0.0.1:53581
1681907850356	RemoteAgent	WARN	TLS certificate errors will be ignored for this session
[GFX1-]: RenderCompositorSWGL failed mapping default framebuffer, no dt
console.warn: SearchSettings: "get: No settings file exists, new profile?" (new NotFoundError("Could not open the file at /var/folders/zb/lcqftm5j4n1g6kkydhzwt05r0000gn/T/rust_mozprofileSPosTF/search.json.mozlz4", (void 0)))
[ERROR glean_core] Error setting metrics feature config: Json(Error("EOF while parsing a value", line: 1, column: 0))
DevTools listening on ws://127.0.0.1:53581/devtools/browser/09b5bc77-28fe-4ea3-89c0-a1427a65119b
JavaScript error: http://owasp.local/wordpress/wp-includes/js/tinymce/tiny_mce_popup.js, line 98: TypeError: tinyMCE is null
JavaScript error: http://owasp.local/wordpress/wp-includes/js/tinymce/themes/advanced/jscripts/color_picker.js, line 83: TypeError: tinyMCE is null
JavaScript error: http://owasp.local/wordpress/wp-includes/js/tinymce/tiny_mce_popup.js, line 98: TypeError: tinyMCE is null
JavaScript error: http://owasp.local/wordpress/wp-includes/js/tinymce/tiny_mce_popup.js, line 98: TypeError: tinyMCE is null
JavaScript error: http://owasp.local/wordpress/wp-includes/js/tinymce/tiny_mce_popup.js, line 98: TypeError: tinyMCE is null
JavaScript warning: http://owasp.local/wordpress/wp-includes/js/tinymce/utils/form_utils.js, line 117: unreachable code after return statement
JavaScript error: http://owasp.local/wordpress/wp-includes/js/tinymce/themes/advanced/jscripts/image.js, line 1: TypeError: tinyMCE is null
JavaScript error: http://owasp.local/wordpress/wp-includes/js/tinymce/tiny_mce_popup.js, line 98: TypeError: tinyMCE is null
JavaScript warning: http://owasp.local/wordpress/wp-includes/js/tinymce/utils/form_utils.js, line 117: unreachable code after return statement
JavaScript error: http://owasp.local/wordpress/wp-includes/js/tinymce/themes/advanced/jscripts/link.js, line 1: TypeError: tinyMCE is null
JavaScript error: http://owasp.local/wordpress/wp-includes/js/tinymce/themes/advanced/link.htm, line 72: TypeError: tinyMCE is null
JavaScript error: http://owasp.local/wordpress/wp-includes/js/tinymce/tiny_mce_popup.js, line 98: TypeError: tinyMCE is null
JavaScript warning: http://owasp.local/wordpress/wp-includes/js/tinymce/themes/advanced/jscripts/source_editor.js, line 11: unreachable code after return statement
JavaScript error: http://owasp.local/wordpress/wp-includes/js/tinymce/themes/advanced/jscripts/source_editor.js, line 54: TypeError: tinyMCE is null
JavaScript error: http://owasp.local/wordpress/wp-includes/js/tinymce/tiny_mce_popup.js, line 98: TypeError: tinyMCE is null
1681907869050	Marionette	INFO	Stopped listening on port 53590
WARNING: A blocker encountered an error while we were waiting.
          Blocker:  Waiting for ping task
          Phase: TelemetryController: Waiting for pending ping activity
          State: (none)
WARNING: Error: Phase "profile-before-change" is finished, it is too late to register completion condition "OS.File: flush I/O queued before profileBeforeChange"
WARNING: addBlocker@resource://gre/modules/AsyncShutdown.sys.mjs:727:15
addBlocker@resource://gre/modules/AsyncShutdown.sys.mjs:523:26
addBlocker@resource://gre/modules/AsyncShutdown.sys.mjs:458:15
setupShutdown@resource://gre/modules/osfile/osfile_async_front.jsm:1548:28
@resource://gre/modules/osfile/osfile_async_front.jsm:1568:16
@resource://gre/modules/osfile.jsm:12:30
@resource://gre/modules/TelemetryStorage.sys.mjs:10:28
_checkPendingPings@resource://gre/modules/TelemetrySend.sys.mjs:863:17
setup@resource://gre/modules/TelemetrySend.sys.mjs:803:18
setup@resource://gre/modules/TelemetrySend.sys.mjs:241:30
setupTelemetry/this._delayedInitTask<@resource://gre/modules/TelemetryControllerParent.sys.mjs:824:36
observe@resource://gre/modules/AsyncShutdown.sys.mjs:576:16

console.error: "TelemetryScheduler.shutdown - Already shut down"
WARNING: A blocker encountered an error while we were waiting.
          Blocker:  Waiting for ping task
          Phase: TelemetryController: Waiting for pending ping activity
          State: (none)
WARNING: Error: Phase "profile-before-change" is finished, it is too late to register completion condition "OS.File: flush I/O queued before profileBeforeChange"
WARNING: addBlocker@resource://gre/modules/AsyncShutdown.sys.mjs:727:15
addBlocker@resource://gre/modules/AsyncShutdown.sys.mjs:523:26
addBlocker@resource://gre/modules/AsyncShutdown.sys.mjs:458:15
setupShutdown@resource://gre/modules/osfile/osfile_async_front.jsm:1548:28
@resource://gre/modules/osfile/osfile_async_front.jsm:1568:16
@resource://gre/modules/osfile.jsm:12:30
@resource://gre/modules/TelemetryStorage.sys.mjs:10:28
_checkPendingPings@resource://gre/modules/TelemetrySend.sys.mjs:863:17
setup@resource://gre/modules/TelemetrySend.sys.mjs:803:18
setup@resource://gre/modules/TelemetrySend.sys.mjs:241:30
setupTelemetry/this._delayedInitTask<@resource://gre/modules/TelemetryControllerParent.sys.mjs:824:36
observe@resource://gre/modules/AsyncShutdown.sys.mjs:576:16

WARNING: A blocker encountered an error while we were waiting.
          Blocker:  Waiting for ping task
          Phase: TelemetryController: Waiting for pending ping activity
          State: (none)
WARNING: Error: Phase "profile-before-change" is finished, it is too late to register completion condition "OS.File: flush I/O queued before profileBeforeChange"
WARNING: addBlocker@resource://gre/modules/AsyncShutdown.sys.mjs:727:15
addBlocker@resource://gre/modules/AsyncShutdown.sys.mjs:523:26
addBlocker@resource://gre/modules/AsyncShutdown.sys.mjs:458:15
setupShutdown@resource://gre/modules/osfile/osfile_async_front.jsm:1548:28
@resource://gre/modules/osfile/osfile_async_front.jsm:1568:16
@resource://gre/modules/osfile.jsm:12:30
@resource://gre/modules/TelemetryStorage.sys.mjs:10:28
_checkPendingPings@resource://gre/modules/TelemetrySend.sys.mjs:863:17
setup@resource://gre/modules/TelemetrySend.sys.mjs:803:18
setup@resource://gre/modules/TelemetrySend.sys.mjs:241:30
setupTelemetry/this._delayedInitTask<@resource://gre/modules/TelemetryControllerParent.sys.mjs:824:36
observe@resource://gre/modules/AsyncShutdown.sys.mjs:576:16

WARNING: A blocker encountered an error while we were waiting.
          Blocker:  TelemetryController: shutting down
          Phase: profile-before-change-telemetry
          State: Error getting state: Error: Phase "profile-before-change" is finished, it is too late to register completion condition "OS.File: flush I/O queued before profileBeforeChange" at addBlocker@resource://gre/modules/AsyncShutdown.sys.mjs:727:15
addBlocker@resource://gre/modules/AsyncShutdown.sys.mjs:523:26
addBlocker@resource://gre/modules/AsyncShutdown.sys.mjs:458:15
setupShutdown@resource://gre/modules/osfile/osfile_async_front.jsm:1548:28
@resource://gre/modules/osfile/osfile_async_front.jsm:1568:16
@resource://gre/modules/osfile.jsm:12:30
@resource://gre/modules/TelemetryStorage.sys.mjs:10:28
_checkPendingPings@resource://gre/modules/TelemetrySend.sys.mjs:863:17
setup@resource://gre/modules/TelemetrySend.sys.mjs:803:18
setup@resource://gre/modules/TelemetrySend.sys.mjs:241:30
setupTelemetry/this._delayedInitTask<@resource://gre/modules/TelemetryControllerParent.sys.mjs:824:36
observe@resource://gre/modules/AsyncShutdown.sys.mjs:576:16

WARNING: Error: Phase "profile-before-change" is finished, it is too late to register completion condition "OS.File: flush I/O queued before profileBeforeChange"
WARNING: addBlocker@resource://gre/modules/AsyncShutdown.sys.mjs:727:15
addBlocker@resource://gre/modules/AsyncShutdown.sys.mjs:523:26
addBlocker@resource://gre/modules/AsyncShutdown.sys.mjs:458:15
setupShutdown@resource://gre/modules/osfile/osfile_async_front.jsm:1548:28
@resource://gre/modules/osfile/osfile_async_front.jsm:1568:16
@resource://gre/modules/osfile.jsm:12:30
@resource://gre/modules/TelemetryStorage.sys.mjs:10:28
_checkPendingPings@resource://gre/modules/TelemetrySend.sys.mjs:863:17
setup@resource://gre/modules/TelemetrySend.sys.mjs:803:18
setup@resource://gre/modules/TelemetrySend.sys.mjs:241:30
setupTelemetry/this._delayedInitTask<@resource://gre/modules/TelemetryControllerParent.sys.mjs:824:36
observe@resource://gre/modules/AsyncShutdown.sys.mjs:576:16

JavaScript error: resource://gre/modules/AsyncShutdown.sys.mjs, line 727: Error: Phase "profile-before-change" is finished, it is too late to register completion condition "OS.File: flush I/O queued before profileBeforeChange"
JavaScript error: resource://gre/modules/AsyncShutdown.sys.mjs, line 727: Error: Phase "profile-before-change" is finished, it is too late to register completion condition "OS.File: flush I/O queued before profileBeforeChange"
JavaScript error: resource://gre/modules/AsyncShutdown.sys.mjs, line 727: Error: Phase "profile-before-change" is finished, it is too late to register completion condition "OS.File: flush I/O queued before profileBeforeChange"
JavaScript error: resource://gre/modules/AsyncShutdown.sys.mjs, line 727: Error: Phase "profile-before-change" is finished, it is too late to register completion condition "OS.File: flush I/O queued before profileBeforeChange"
JavaScript error: resource://gre/modules/AsyncShutdown.sys.mjs, line 727: Error: Phase "profile-before-change" is finished, it is too late to register completion condition "OS.File: flush I/O queued before profileBeforeChange"
JavaScript error: resource://gre/modules/AsyncShutdown.sys.mjs, line 727: Error: Phase "profile-before-change" is finished, it is too late to register completion condition "OS.File: flush I/O queued before profileBeforeChange"
1681909213421	geckodriver	INFO	Listening on 127.0.0.1:59946
1681909213922	mozrunner::runner	INFO	Running command: "/Applications/Firefox.app/Contents/MacOS/firefox-bin" "--marionette" "--headless" "--remote-debugging-port" ... s" "localhost" "-foreground" "-no-remote" "-profile" "/var/folders/zb/lcqftm5j4n1g6kkydhzwt05r0000gn/T/rust_mozprofilen7BVSv"
*** You are running in headless mode.
console.warn: services.settings: Ignoring preference override of remote settings server
console.warn: services.settings: Allow by setting MOZ_REMOTE_SETTINGS_DEVTOOLS=1 in the environment
1681909215537	Marionette	INFO	Marionette enabled
1681909216639	Marionette	INFO	Listening on port 59966
Read port: 59966
console.error: "Warning: unrecognized command line flag -remote-allow-hosts\n"
WebDriver BiDi listening on ws://127.0.0.1:59947
1681909216955	RemoteAgent	WARN	TLS certificate errors will be ignored for this session
[GFX1-]: RenderCompositorSWGL failed mapping default framebuffer, no dt
console.warn: SearchSettings: "get: No settings file exists, new profile?" (new NotFoundError("Could not open the file at /var/folders/zb/lcqftm5j4n1g6kkydhzwt05r0000gn/T/rust_mozprofilen7BVSv/search.json.mozlz4", (void 0)))
[ERROR glean_core] Error setting metrics feature config: Json(Error("EOF while parsing a value", line: 1, column: 0))
DevTools listening on ws://127.0.0.1:59947/devtools/browser/c40200b6-8d16-4e6d-89aa-970910c6670a
1681909222580	Marionette	INFO	Stopped listening on port 59966
WARNING: A blocker encountered an error while we were waiting.
          Blocker:  Waiting for ping task
          Phase: TelemetryController: Waiting for pending ping activity
          State: (none)
WARNING: Error: Phase "profile-before-change" is finished, it is too late to register completion condition "OS.File: flush I/O queued before profileBeforeChange"
WARNING: addBlocker@resource://gre/modules/AsyncShutdown.sys.mjs:727:15
addBlocker@resource://gre/modules/AsyncShutdown.sys.mjs:523:26
addBlocker@resource://gre/modules/AsyncShutdown.sys.mjs:458:15
setupShutdown@resource://gre/modules/osfile/osfile_async_front.jsm:1548:28
@resource://gre/modules/osfile/osfile_async_front.jsm:1568:16
@resource://gre/modules/osfile.jsm:12:30
@resource://gre/modules/TelemetryStorage.sys.mjs:10:28
_checkPendingPings@resource://gre/modules/TelemetrySend.sys.mjs:863:17
setup@resource://gre/modules/TelemetrySend.sys.mjs:803:18
setup@resource://gre/modules/TelemetrySend.sys.mjs:241:30
setupTelemetry/this._delayedInitTask<@resource://gre/modules/TelemetryControllerParent.sys.mjs:824:36
observe@resource://gre/modules/AsyncShutdown.sys.mjs:576:16

console.error: "TelemetryScheduler.shutdown - Already shut down"
WARNING: A blocker encountered an error while we were waiting.
          Blocker:  Waiting for ping task
          Phase: TelemetryController: Waiting for pending ping activity
          State: (none)
WARNING: Error: Phase "profile-before-change" is finished, it is too late to register completion condition "OS.File: flush I/O queued before profileBeforeChange"
WARNING: addBlocker@resource://gre/modules/AsyncShutdown.sys.mjs:727:15
addBlocker@resource://gre/modules/AsyncShutdown.sys.mjs:523:26
addBlocker@resource://gre/modules/AsyncShutdown.sys.mjs:458:15
setupShutdown@resource://gre/modules/osfile/osfile_async_front.jsm:1548:28
@resource://gre/modules/osfile/osfile_async_front.jsm:1568:16
@resource://gre/modules/osfile.jsm:12:30
@resource://gre/modules/TelemetryStorage.sys.mjs:10:28
_checkPendingPings@resource://gre/modules/TelemetrySend.sys.mjs:863:17
setup@resource://gre/modules/TelemetrySend.sys.mjs:803:18
setup@resource://gre/modules/TelemetrySend.sys.mjs:241:30
setupTelemetry/this._delayedInitTask<@resource://gre/modules/TelemetryControllerParent.sys.mjs:824:36
observe@resource://gre/modules/AsyncShutdown.sys.mjs:576:16

WARNING: A blocker encountered an error while we were waiting.
          Blocker:  Waiting for ping task
          Phase: TelemetryController: Waiting for pending ping activity
          State: (none)
WARNING: Error: Phase "profile-before-change" is finished, it is too late to register completion condition "OS.File: flush I/O queued before profileBeforeChange"
WARNING: addBlocker@resource://gre/modules/AsyncShutdown.sys.mjs:727:15
addBlocker@resource://gre/modules/AsyncShutdown.sys.mjs:523:26
addBlocker@resource://gre/modules/AsyncShutdown.sys.mjs:458:15
setupShutdown@resource://gre/modules/osfile/osfile_async_front.jsm:1548:28
@resource://gre/modules/osfile/osfile_async_front.jsm:1568:16
@resource://gre/modules/osfile.jsm:12:30
@resource://gre/modules/TelemetryStorage.sys.mjs:10:28
_checkPendingPings@resource://gre/modules/TelemetrySend.sys.mjs:863:17
setup@resource://gre/modules/TelemetrySend.sys.mjs:803:18
setup@resource://gre/modules/TelemetrySend.sys.mjs:241:30
setupTelemetry/this._delayedInitTask<@resource://gre/modules/TelemetryControllerParent.sys.mjs:824:36
observe@resource://gre/modules/AsyncShutdown.sys.mjs:576:16

WARNING: A blocker encountered an error while we were waiting.
          Blocker:  TelemetryController: shutting down
          Phase: profile-before-change-telemetry
          State: Error getting state: Error: Phase "profile-before-change" is finished, it is too late to register completion condition "OS.File: flush I/O queued before profileBeforeChange" at addBlocker@resource://gre/modules/AsyncShutdown.sys.mjs:727:15
addBlocker@resource://gre/modules/AsyncShutdown.sys.mjs:523:26
addBlocker@resource://gre/modules/AsyncShutdown.sys.mjs:458:15
setupShutdown@resource://gre/modules/osfile/osfile_async_front.jsm:1548:28
@resource://gre/modules/osfile/osfile_async_front.jsm:1568:16
@resource://gre/modules/osfile.jsm:12:30
@resource://gre/modules/TelemetryStorage.sys.mjs:10:28
_checkPendingPings@resource://gre/modules/TelemetrySend.sys.mjs:863:17
setup@resource://gre/modules/TelemetrySend.sys.mjs:803:18
setup@resource://gre/modules/TelemetrySend.sys.mjs:241:30
setupTelemetry/this._delayedInitTask<@resource://gre/modules/TelemetryControllerParent.sys.mjs:824:36
observe@resource://gre/modules/AsyncShutdown.sys.mjs:576:16

WARNING: Error: Phase "profile-before-change" is finished, it is too late to register completion condition "OS.File: flush I/O queued before profileBeforeChange"
WARNING: addBlocker@resource://gre/modules/AsyncShutdown.sys.mjs:727:15
addBlocker@resource://gre/modules/AsyncShutdown.sys.mjs:523:26
addBlocker@resource://gre/modules/AsyncShutdown.sys.mjs:458:15
setupShutdown@resource://gre/modules/osfile/osfile_async_front.jsm:1548:28
@resource://gre/modules/osfile/osfile_async_front.jsm:1568:16
@resource://gre/modules/osfile.jsm:12:30
@resource://gre/modules/TelemetryStorage.sys.mjs:10:28
_checkPendingPings@resource://gre/modules/TelemetrySend.sys.mjs:863:17
setup@resource://gre/modules/TelemetrySend.sys.mjs:803:18
setup@resource://gre/modules/TelemetrySend.sys.mjs:241:30
setupTelemetry/this._delayedInitTask<@resource://gre/modules/TelemetryControllerParent.sys.mjs:824:36
observe@resource://gre/modules/AsyncShutdown.sys.mjs:576:16

JavaScript error: resource://gre/modules/AsyncShutdown.sys.mjs, line 727: Error: Phase "profile-before-change" is finished, it is too late to register completion condition "OS.File: flush I/O queued before profileBeforeChange"
JavaScript error: resource://gre/modules/AsyncShutdown.sys.mjs, line 727: Error: Phase "profile-before-change" is finished, it is too late to register completion condition "OS.File: flush I/O queued before profileBeforeChange"
JavaScript error: resource://gre/modules/AsyncShutdown.sys.mjs, line 727: Error: Phase "profile-before-change" is finished, it is too late to register completion condition "OS.File: flush I/O queued before profileBeforeChange"
JavaScript error: resource://gre/modules/AsyncShutdown.sys.mjs, line 727: Error: Phase "profile-before-change" is finished, it is too late to register completion condition "OS.File: flush I/O queued before profileBeforeChange"
JavaScript error: resource://gre/modules/AsyncShutdown.sys.mjs, line 727: Error: Phase "profile-before-change" is finished, it is too late to register completion condition "OS.File: flush I/O queued before profileBeforeChange"
JavaScript error: resource://gre/modules/AsyncShutdown.sys.mjs, line 727: Error: Phase "profile-before-change" is finished, it is too late to register completion condition "OS.File: flush I/O queued before profileBeforeChange"
1681909777711	geckodriver	INFO	Listening on 127.0.0.1:61651
1681909778257	mozrunner::runner	INFO	Running command: "/Applications/Firefox.app/Contents/MacOS/firefox-bin" "--marionette" "--headless" "--remote-debugging-port" ... s" "localhost" "-foreground" "-no-remote" "-profile" "/var/folders/zb/lcqftm5j4n1g6kkydhzwt05r0000gn/T/rust_mozprofile1F2mY4"
*** You are running in headless mode.
console.warn: services.settings: Ignoring preference override of remote settings server
console.warn: services.settings: Allow by setting MOZ_REMOTE_SETTINGS_DEVTOOLS=1 in the environment
1681909779924	Marionette	INFO	Marionette enabled
1681909780294	Marionette	INFO	Listening on port 61659
Read port: 61659
console.error: "Warning: unrecognized command line flag -remote-allow-hosts\n"
WebDriver BiDi listening on ws://127.0.0.1:61652
1681909780981	RemoteAgent	WARN	TLS certificate errors will be ignored for this session
[GFX1-]: RenderCompositorSWGL failed mapping default framebuffer, no dt
console.warn: SearchSettings: "get: No settings file exists, new profile?" (new NotFoundError("Could not open the file at /var/folders/zb/lcqftm5j4n1g6kkydhzwt05r0000gn/T/rust_mozprofile1F2mY4/search.json.mozlz4", (void 0)))
[ERROR glean_core] Error setting metrics feature config: Json(Error("EOF while parsing a value", line: 1, column: 0))
DevTools listening on ws://127.0.0.1:61652/devtools/browser/ad1ced40-31d3-4fd3-bdcb-c10a164223d2
JavaScript error: http://owasp.local/wordpress//wp-includes/js/tinymce/tiny_mce_popup.js, line 98: TypeError: tinyMCE is null
JavaScript error: http://owasp.local/wordpress//wp-includes/js/tinymce/tiny_mce_popup.js, line 98: TypeError: tinyMCE is null
JavaScript error: http://owasp.local/wordpress//wp-includes/js/tinymce/themes/advanced/jscripts/color_picker.js, line 83: TypeError: tinyMCE is null
JavaScript error: http://owasp.local/wordpress//wp-includes/js/tinymce/tiny_mce_popup.js, line 98: TypeError: tinyMCE is null
JavaScript error: http://owasp.local/wordpress//wp-includes/js/tinymce/tiny_mce_popup.js, line 98: TypeError: tinyMCE is null
JavaScript warning: http://owasp.local/wordpress//wp-includes/js/tinymce/utils/form_utils.js, line 117: unreachable code after return statement
JavaScript error: http://owasp.local/wordpress//wp-includes/js/tinymce/themes/advanced/jscripts/image.js, line 1: TypeError: tinyMCE is null
JavaScript error: http://owasp.local/wordpress//wp-includes/js/tinymce/tiny_mce_popup.js, line 98: TypeError: tinyMCE is null
JavaScript warning: http://owasp.local/wordpress//wp-includes/js/tinymce/utils/form_utils.js, line 117: unreachable code after return statement
JavaScript error: http://owasp.local/wordpress//wp-includes/js/tinymce/themes/advanced/jscripts/link.js, line 1: TypeError: tinyMCE is null
JavaScript error: http://owasp.local/wordpress//wp-includes/js/tinymce/themes/advanced/link.htm, line 72: TypeError: tinyMCE is null
JavaScript error: http://owasp.local/wordpress//wp-includes/js/tinymce/tiny_mce_popup.js, line 98: TypeError: tinyMCE is null
JavaScript warning: http://owasp.local/wordpress//wp-includes/js/tinymce/themes/advanced/jscripts/source_editor.js, line 11: unreachable code after return statement
JavaScript error: http://owasp.local/wordpress//wp-includes/js/tinymce/themes/advanced/jscripts/source_editor.js, line 54: TypeError: tinyMCE is null
JavaScript error: http://owasp.local/wordpress//wp-includes/js/tinymce/tiny_mce_popup.js, line 98: TypeError: tinyMCE is null
1681909793918	Marionette	INFO	Stopped listening on port 61659
WARNING: A blocker encountered an error while we were waiting.
          Blocker:  Waiting for ping task
          Phase: TelemetryController: Waiting for pending ping activity
          State: (none)
WARNING: Error: Phase "profile-before-change" is finished, it is too late to register completion condition "OS.File: flush I/O queued before profileBeforeChange"
WARNING: addBlocker@resource://gre/modules/AsyncShutdown.sys.mjs:727:15
addBlocker@resource://gre/modules/AsyncShutdown.sys.mjs:523:26
addBlocker@resource://gre/modules/AsyncShutdown.sys.mjs:458:15
setupShutdown@resource://gre/modules/osfile/osfile_async_front.jsm:1548:28
@resource://gre/modules/osfile/osfile_async_front.jsm:1568:16
@resource://gre/modules/osfile.jsm:12:30
@resource://gre/modules/TelemetryStorage.sys.mjs:10:28
_checkPendingPings@resource://gre/modules/TelemetrySend.sys.mjs:863:17
setup@resource://gre/modules/TelemetrySend.sys.mjs:803:18
setup@resource://gre/modules/TelemetrySend.sys.mjs:241:30
setupTelemetry/this._delayedInitTask<@resource://gre/modules/TelemetryControllerParent.sys.mjs:824:36
observe@resource://gre/modules/AsyncShutdown.sys.mjs:576:16

console.error: "TelemetryScheduler.shutdown - Already shut down"
WARNING: A blocker encountered an error while we were waiting.
          Blocker:  Waiting for ping task
          Phase: TelemetryController: Waiting for pending ping activity
          State: (none)
WARNING: Error: Phase "profile-before-change" is finished, it is too late to register completion condition "OS.File: flush I/O queued before profileBeforeChange"
WARNING: addBlocker@resource://gre/modules/AsyncShutdown.sys.mjs:727:15
addBlocker@resource://gre/modules/AsyncShutdown.sys.mjs:523:26
addBlocker@resource://gre/modules/AsyncShutdown.sys.mjs:458:15
setupShutdown@resource://gre/modules/osfile/osfile_async_front.jsm:1548:28
@resource://gre/modules/osfile/osfile_async_front.jsm:1568:16
@resource://gre/modules/osfile.jsm:12:30
@resource://gre/modules/TelemetryStorage.sys.mjs:10:28
_checkPendingPings@resource://gre/modules/TelemetrySend.sys.mjs:863:17
setup@resource://gre/modules/TelemetrySend.sys.mjs:803:18
setup@resource://gre/modules/TelemetrySend.sys.mjs:241:30
setupTelemetry/this._delayedInitTask<@resource://gre/modules/TelemetryControllerParent.sys.mjs:824:36
observe@resource://gre/modules/AsyncShutdown.sys.mjs:576:16

WARNING: A blocker encountered an error while we were waiting.
          Blocker:  Waiting for ping task
          Phase: TelemetryController: Waiting for pending ping activity
          State: (none)
WARNING: Error: Phase "profile-before-change" is finished, it is too late to register completion condition "OS.File: flush I/O queued before profileBeforeChange"
WARNING: addBlocker@resource://gre/modules/AsyncShutdown.sys.mjs:727:15
addBlocker@resource://gre/modules/AsyncShutdown.sys.mjs:523:26
addBlocker@resource://gre/modules/AsyncShutdown.sys.mjs:458:15
setupShutdown@resource://gre/modules/osfile/osfile_async_front.jsm:1548:28
@resource://gre/modules/osfile/osfile_async_front.jsm:1568:16
@resource://gre/modules/osfile.jsm:12:30
@resource://gre/modules/TelemetryStorage.sys.mjs:10:28
_checkPendingPings@resource://gre/modules/TelemetrySend.sys.mjs:863:17
setup@resource://gre/modules/TelemetrySend.sys.mjs:803:18
setup@resource://gre/modules/TelemetrySend.sys.mjs:241:30
setupTelemetry/this._delayedInitTask<@resource://gre/modules/TelemetryControllerParent.sys.mjs:824:36
observe@resource://gre/modules/AsyncShutdown.sys.mjs:576:16

WARNING: A blocker encountered an error while we were waiting.
          Blocker:  TelemetryController: shutting down
          Phase: profile-before-change-telemetry
          State: Error getting state: Error: Phase "profile-before-change" is finished, it is too late to register completion condition "OS.File: flush I/O queued before profileBeforeChange" at addBlocker@resource://gre/modules/AsyncShutdown.sys.mjs:727:15
addBlocker@resource://gre/modules/AsyncShutdown.sys.mjs:523:26
addBlocker@resource://gre/modules/AsyncShutdown.sys.mjs:458:15
setupShutdown@resource://gre/modules/osfile/osfile_async_front.jsm:1548:28
@resource://gre/modules/osfile/osfile_async_front.jsm:1568:16
@resource://gre/modules/osfile.jsm:12:30
@resource://gre/modules/TelemetryStorage.sys.mjs:10:28
_checkPendingPings@resource://gre/modules/TelemetrySend.sys.mjs:863:17
setup@resource://gre/modules/TelemetrySend.sys.mjs:803:18
setup@resource://gre/modules/TelemetrySend.sys.mjs:241:30
setupTelemetry/this._delayedInitTask<@resource://gre/modules/TelemetryControllerParent.sys.mjs:824:36
observe@resource://gre/modules/AsyncShutdown.sys.mjs:576:16

WARNING: Error: Phase "profile-before-change" is finished, it is too late to register completion condition "OS.File: flush I/O queued before profileBeforeChange"
WARNING: addBlocker@resource://gre/modules/AsyncShutdown.sys.mjs:727:15
addBlocker@resource://gre/modules/AsyncShutdown.sys.mjs:523:26
addBlocker@resource://gre/modules/AsyncShutdown.sys.mjs:458:15
setupShutdown@resource://gre/modules/osfile/osfile_async_front.jsm:1548:28
@resource://gre/modules/osfile/osfile_async_front.jsm:1568:16
@resource://gre/modules/osfile.jsm:12:30
@resource://gre/modules/TelemetryStorage.sys.mjs:10:28
_checkPendingPings@resource://gre/modules/TelemetrySend.sys.mjs:863:17
setup@resource://gre/modules/TelemetrySend.sys.mjs:803:18
setup@resource://gre/modules/TelemetrySend.sys.mjs:241:30
setupTelemetry/this._delayedInitTask<@resource://gre/modules/TelemetryControllerParent.sys.mjs:824:36
observe@resource://gre/modules/AsyncShutdown.sys.mjs:576:16

JavaScript error: resource://gre/modules/AsyncShutdown.sys.mjs, line 727: Error: Phase "profile-before-change" is finished, it is too late to register completion condition "OS.File: flush I/O queued before profileBeforeChange"
JavaScript error: resource://gre/modules/AsyncShutdown.sys.mjs, line 727: Error: Phase "profile-before-change" is finished, it is too late to register completion condition "OS.File: flush I/O queued before profileBeforeChange"
JavaScript error: resource://gre/modules/AsyncShutdown.sys.mjs, line 727: Error: Phase "profile-before-change" is finished, it is too late to register completion condition "OS.File: flush I/O queued before profileBeforeChange"
JavaScript error: resource://gre/modules/AsyncShutdown.sys.mjs, line 727: Error: Phase "profile-before-change" is finished, it is too late to register completion condition "OS.File: flush I/O queued before profileBeforeChange"
JavaScript error: resource://gre/modules/AsyncShutdown.sys.mjs, line 727: Error: Phase "profile-before-change" is finished, it is too late to register completion condition "OS.File: flush I/O queued before profileBeforeChange"
JavaScript error: resource://gre/modules/AsyncShutdown.sys.mjs, line 727: Error: Phase "profile-before-change" is finished, it is too late to register completion condition "OS.File: flush I/O queued before profileBeforeChange"
1681910033515	geckodriver	INFO	Listening on 127.0.0.1:62728
1681910034054	mozrunner::runner	INFO	Running command: "/Applications/Firefox.app/Contents/MacOS/firefox-bin" "--marionette" "--headless" "--remote-debugging-port" ... s" "localhost" "-foreground" "-no-remote" "-profile" "/var/folders/zb/lcqftm5j4n1g6kkydhzwt05r0000gn/T/rust_mozprofileTGB7bi"
*** You are running in headless mode.
console.warn: services.settings: Ignoring preference override of remote settings server
console.warn: services.settings: Allow by setting MOZ_REMOTE_SETTINGS_DEVTOOLS=1 in the environment
1681910036976	Marionette	INFO	Marionette enabled
1681910038738	Marionette	INFO	Listening on port 62738
Read port: 62738
console.error: "Warning: unrecognized command line flag -remote-allow-hosts\n"
Read port: 62738
Read port: 62738
WebDriver BiDi listening on ws://127.0.0.1:62729
Read port: 62738
1681910042878	RemoteAgent	WARN	TLS certificate errors will be ignored for this session
[GFX1-]: RenderCompositorSWGL failed mapping default framebuffer, no dt
console.warn: SearchSettings: "get: No settings file exists, new profile?" (new NotFoundError("Could not open the file at /var/folders/zb/lcqftm5j4n1g6kkydhzwt05r0000gn/T/rust_mozprofileTGB7bi/search.json.mozlz4", (void 0)))
[ERROR glean_core] Error setting metrics feature config: Json(Error("EOF while parsing a value", line: 1, column: 0))
DevTools listening on ws://127.0.0.1:62729/devtools/browser/041d1040-c78d-4621-ac57-cb65615d7466
1681910053894	Marionette	INFO	Stopped listening on port 62738
WARNING: A blocker encountered an error while we were waiting.
          Blocker:  Waiting for ping task
          Phase: TelemetryController: Waiting for pending ping activity
          State: (none)
WARNING: Error: Phase "profile-before-change" is finished, it is too late to register completion condition "OS.File: flush I/O queued before profileBeforeChange"
WARNING: addBlocker@resource://gre/modules/AsyncShutdown.sys.mjs:727:15
addBlocker@resource://gre/modules/AsyncShutdown.sys.mjs:523:26
addBlocker@resource://gre/modules/AsyncShutdown.sys.mjs:458:15
setupShutdown@resource://gre/modules/osfile/osfile_async_front.jsm:1548:28
@resource://gre/modules/osfile/osfile_async_front.jsm:1568:16
@resource://gre/modules/osfile.jsm:12:30
@resource://gre/modules/TelemetryStorage.sys.mjs:10:28
_checkPendingPings@resource://gre/modules/TelemetrySend.sys.mjs:863:17
setup@resource://gre/modules/TelemetrySend.sys.mjs:803:18
setup@resource://gre/modules/TelemetrySend.sys.mjs:241:30
setupTelemetry/this._delayedInitTask<@resource://gre/modules/TelemetryControllerParent.sys.mjs:824:36
observe@resource://gre/modules/AsyncShutdown.sys.mjs:576:16

console.error: "TelemetryScheduler.shutdown - Already shut down"
WARNING: A blocker encountered an error while we were waiting.
          Blocker:  Waiting for ping task
          Phase: TelemetryController: Waiting for pending ping activity
          State: (none)
WARNING: Error: Phase "profile-before-change" is finished, it is too late to register completion condition "OS.File: flush I/O queued before profileBeforeChange"
WARNING: addBlocker@resource://gre/modules/AsyncShutdown.sys.mjs:727:15
addBlocker@resource://gre/modules/AsyncShutdown.sys.mjs:523:26
addBlocker@resource://gre/modules/AsyncShutdown.sys.mjs:458:15
setupShutdown@resource://gre/modules/osfile/osfile_async_front.jsm:1548:28
@resource://gre/modules/osfile/osfile_async_front.jsm:1568:16
@resource://gre/modules/osfile.jsm:12:30
@resource://gre/modules/TelemetryStorage.sys.mjs:10:28
_checkPendingPings@resource://gre/modules/TelemetrySend.sys.mjs:863:17
setup@resource://gre/modules/TelemetrySend.sys.mjs:803:18
setup@resource://gre/modules/TelemetrySend.sys.mjs:241:30
setupTelemetry/this._delayedInitTask<@resource://gre/modules/TelemetryControllerParent.sys.mjs:824:36
observe@resource://gre/modules/AsyncShutdown.sys.mjs:576:16

WARNING: A blocker encountered an error while we were waiting.
          Blocker:  Waiting for ping task
          Phase: TelemetryController: Waiting for pending ping activity
          State: (none)
WARNING: Error: Phase "profile-before-change" is finished, it is too late to register completion condition "OS.File: flush I/O queued before profileBeforeChange"
WARNING: addBlocker@resource://gre/modules/AsyncShutdown.sys.mjs:727:15
addBlocker@resource://gre/modules/AsyncShutdown.sys.mjs:523:26
addBlocker@resource://gre/modules/AsyncShutdown.sys.mjs:458:15
setupShutdown@resource://gre/modules/osfile/osfile_async_front.jsm:1548:28
@resource://gre/modules/osfile/osfile_async_front.jsm:1568:16
@resource://gre/modules/osfile.jsm:12:30
@resource://gre/modules/TelemetryStorage.sys.mjs:10:28
_checkPendingPings@resource://gre/modules/TelemetrySend.sys.mjs:863:17
setup@resource://gre/modules/TelemetrySend.sys.mjs:803:18
setup@resource://gre/modules/TelemetrySend.sys.mjs:241:30
setupTelemetry/this._delayedInitTask<@resource://gre/modules/TelemetryControllerParent.sys.mjs:824:36
observe@resource://gre/modules/AsyncShutdown.sys.mjs:576:16

WARNING: A blocker encountered an error while we were waiting.
          Blocker:  TelemetryController: shutting down
          Phase: profile-before-change-telemetry
          State: Error getting state: Error: Phase "profile-before-change" is finished, it is too late to register completion condition "OS.File: flush I/O queued before profileBeforeChange" at addBlocker@resource://gre/modules/AsyncShutdown.sys.mjs:727:15
addBlocker@resource://gre/modules/AsyncShutdown.sys.mjs:523:26
addBlocker@resource://gre/modules/AsyncShutdown.sys.mjs:458:15
setupShutdown@resource://gre/modules/osfile/osfile_async_front.jsm:1548:28
@resource://gre/modules/osfile/osfile_async_front.jsm:1568:16
@resource://gre/modules/osfile.jsm:12:30
@resource://gre/modules/TelemetryStorage.sys.mjs:10:28
_checkPendingPings@resource://gre/modules/TelemetrySend.sys.mjs:863:17
setup@resource://gre/modules/TelemetrySend.sys.mjs:803:18
setup@resource://gre/modules/TelemetrySend.sys.mjs:241:30
setupTelemetry/this._delayedInitTask<@resource://gre/modules/TelemetryControllerParent.sys.mjs:824:36
observe@resource://gre/modules/AsyncShutdown.sys.mjs:576:16

WARNING: Error: Phase "profile-before-change" is finished, it is too late to register completion condition "OS.File: flush I/O queued before profileBeforeChange"
WARNING: addBlocker@resource://gre/modules/AsyncShutdown.sys.mjs:727:15
addBlocker@resource://gre/modules/AsyncShutdown.sys.mjs:523:26
addBlocker@resource://gre/modules/AsyncShutdown.sys.mjs:458:15
setupShutdown@resource://gre/modules/osfile/osfile_async_front.jsm:1548:28
@resource://gre/modules/osfile/osfile_async_front.jsm:1568:16
@resource://gre/modules/osfile.jsm:12:30
@resource://gre/modules/TelemetryStorage.sys.mjs:10:28
_checkPendingPings@resource://gre/modules/TelemetrySend.sys.mjs:863:17
setup@resource://gre/modules/TelemetrySend.sys.mjs:803:18
setup@resource://gre/modules/TelemetrySend.sys.mjs:241:30
setupTelemetry/this._delayedInitTask<@resource://gre/modules/TelemetryControllerParent.sys.mjs:824:36
observe@resource://gre/modules/AsyncShutdown.sys.mjs:576:16

JavaScript error: resource://gre/modules/AsyncShutdown.sys.mjs, line 727: Error: Phase "profile-before-change" is finished, it is too late to register completion condition "OS.File: flush I/O queued before profileBeforeChange"
JavaScript error: resource://gre/modules/AsyncShutdown.sys.mjs, line 727: Error: Phase "profile-before-change" is finished, it is too late to register completion condition "OS.File: flush I/O queued before profileBeforeChange"
JavaScript error: resource://gre/modules/AsyncShutdown.sys.mjs, line 727: Error: Phase "profile-before-change" is finished, it is too late to register completion condition "OS.File: flush I/O queued before profileBeforeChange"
JavaScript error: resource://gre/modules/AsyncShutdown.sys.mjs, line 727: Error: Phase "profile-before-change" is finished, it is too late to register completion condition "OS.File: flush I/O queued before profileBeforeChange"
JavaScript error: resource://gre/modules/AsyncShutdown.sys.mjs, line 727: Error: Phase "profile-before-change" is finished, it is too late to register completion condition "OS.File: flush I/O queued before profileBeforeChange"
JavaScript error: resource://gre/modules/AsyncShutdown.sys.mjs, line 727: Error: Phase "profile-before-change" is finished, it is too late to register completion condition "OS.File: flush I/O queued before profileBeforeChange"
1681912267645	geckodriver	INFO	Listening on 127.0.0.1:64698
1681912268151	mozrunner::runner	INFO	Running command: "/Applications/Firefox.app/Contents/MacOS/firefox-bin" "--marionette" "--headless" "--remote-debugging-port" ... s" "localhost" "-foreground" "-no-remote" "-profile" "/var/folders/zb/lcqftm5j4n1g6kkydhzwt05r0000gn/T/rust_mozprofileOEvOUd"
*** You are running in headless mode.
console.warn: services.settings: Ignoring preference override of remote settings server
console.warn: services.settings: Allow by setting MOZ_REMOTE_SETTINGS_DEVTOOLS=1 in the environment
1681912269388	Marionette	INFO	Marionette enabled
1681912269797	Marionette	INFO	Listening on port 64706
Read port: 64706
console.error: "Warning: unrecognized command line flag -remote-allow-hosts\n"
WebDriver BiDi listening on ws://127.0.0.1:64699
1681912270494	RemoteAgent	WARN	TLS certificate errors will be ignored for this session
[GFX1-]: RenderCompositorSWGL failed mapping default framebuffer, no dt
console.warn: SearchSettings: "get: No settings file exists, new profile?" (new NotFoundError("Could not open the file at /var/folders/zb/lcqftm5j4n1g6kkydhzwt05r0000gn/T/rust_mozprofileOEvOUd/search.json.mozlz4", (void 0)))
[ERROR glean_core] Error setting metrics feature config: Json(Error("EOF while parsing a value", line: 1, column: 0))
DevTools listening on ws://127.0.0.1:64699/devtools/browser/4f7f044d-9387-4cc2-8d1f-7f85222c224e
JavaScript error: http://owasp.local/wordpress/wp-includes/js/tinymce/tiny_mce_popup.js, line 98: TypeError: tinyMCE is null
JavaScript error: http://owasp.local/wordpress/wp-includes/js/tinymce/tiny_mce_popup.js, line 98: TypeError: tinyMCE is null
JavaScript error: http://owasp.local/wordpress/wp-includes/js/tinymce/tiny_mce_popup.js, line 98: TypeError: tinyMCE is null
JavaScript error: http://owasp.local/wordpress/wp-includes/js/tinymce/themes/advanced/jscripts/color_picker.js, line 83: TypeError: tinyMCE is null
JavaScript error: http://owasp.local/wordpress/wp-includes/js/tinymce/tiny_mce_popup.js, line 98: TypeError: tinyMCE is null
JavaScript warning: http://owasp.local/wordpress/wp-includes/js/tinymce/utils/form_utils.js, line 117: unreachable code after return statement
JavaScript error: http://owasp.local/wordpress/wp-includes/js/tinymce/themes/advanced/jscripts/image.js, line 1: TypeError: tinyMCE is null
JavaScript error: http://owasp.local/wordpress/wp-includes/js/tinymce/tiny_mce_popup.js, line 98: TypeError: tinyMCE is null
JavaScript warning: http://owasp.local/wordpress/wp-includes/js/tinymce/utils/form_utils.js, line 117: unreachable code after return statement
JavaScript error: http://owasp.local/wordpress/wp-includes/js/tinymce/themes/advanced/jscripts/link.js, line 1: TypeError: tinyMCE is null
JavaScript error: http://owasp.local/wordpress/wp-includes/js/tinymce/themes/advanced/link.htm, line 72: TypeError: tinyMCE is null
JavaScript error: http://owasp.local/wordpress/wp-includes/js/tinymce/tiny_mce_popup.js, line 98: TypeError: tinyMCE is null
JavaScript warning: http://owasp.local/wordpress/wp-includes/js/tinymce/themes/advanced/jscripts/source_editor.js, line 11: unreachable code after return statement
JavaScript error: http://owasp.local/wordpress/wp-includes/js/tinymce/themes/advanced/jscripts/source_editor.js, line 54: TypeError: tinyMCE is null
JavaScript error: http://owasp.local/wordpress/wp-includes/js/tinymce/tiny_mce_popup.js, line 98: TypeError: tinyMCE is null
1681912286013	Marionette	INFO	Stopped listening on port 64706
WARNING: A blocker encountered an error while we were waiting.
          Blocker:  Waiting for ping task
          Phase: TelemetryController: Waiting for pending ping activity
          State: (none)
WARNING: Error: Phase "profile-before-change" is finished, it is too late to register completion condition "OS.File: flush I/O queued before profileBeforeChange"
WARNING: addBlocker@resource://gre/modules/AsyncShutdown.sys.mjs:727:15
addBlocker@resource://gre/modules/AsyncShutdown.sys.mjs:523:26
addBlocker@resource://gre/modules/AsyncShutdown.sys.mjs:458:15
setupShutdown@resource://gre/modules/osfile/osfile_async_front.jsm:1548:28
@resource://gre/modules/osfile/osfile_async_front.jsm:1568:16
@resource://gre/modules/osfile.jsm:12:30
@resource://gre/modules/TelemetryStorage.sys.mjs:10:28
_checkPendingPings@resource://gre/modules/TelemetrySend.sys.mjs:863:17
setup@resource://gre/modules/TelemetrySend.sys.mjs:803:18
setup@resource://gre/modules/TelemetrySend.sys.mjs:241:30
setupTelemetry/this._delayedInitTask<@resource://gre/modules/TelemetryControllerParent.sys.mjs:824:36
observe@resource://gre/modules/AsyncShutdown.sys.mjs:576:16

console.error: "TelemetryScheduler.shutdown - Already shut down"
WARNING: A blocker encountered an error while we were waiting.
          Blocker:  Waiting for ping task
          Phase: TelemetryController: Waiting for pending ping activity
          State: (none)
WARNING: Error: Phase "profile-before-change" is finished, it is too late to register completion condition "OS.File: flush I/O queued before profileBeforeChange"
WARNING: addBlocker@resource://gre/modules/AsyncShutdown.sys.mjs:727:15
addBlocker@resource://gre/modules/AsyncShutdown.sys.mjs:523:26
addBlocker@resource://gre/modules/AsyncShutdown.sys.mjs:458:15
setupShutdown@resource://gre/modules/osfile/osfile_async_front.jsm:1548:28
@resource://gre/modules/osfile/osfile_async_front.jsm:1568:16
@resource://gre/modules/osfile.jsm:12:30
@resource://gre/modules/TelemetryStorage.sys.mjs:10:28
_checkPendingPings@resource://gre/modules/TelemetrySend.sys.mjs:863:17
setup@resource://gre/modules/TelemetrySend.sys.mjs:803:18
setup@resource://gre/modules/TelemetrySend.sys.mjs:241:30
setupTelemetry/this._delayedInitTask<@resource://gre/modules/TelemetryControllerParent.sys.mjs:824:36
observe@resource://gre/modules/AsyncShutdown.sys.mjs:576:16

WARNING: A blocker encountered an error while we were waiting.
          Blocker:  Waiting for ping task
          Phase: TelemetryController: Waiting for pending ping activity
          State: (none)
WARNING: Error: Phase "profile-before-change" is finished, it is too late to register completion condition "OS.File: flush I/O queued before profileBeforeChange"
WARNING: addBlocker@resource://gre/modules/AsyncShutdown.sys.mjs:727:15
addBlocker@resource://gre/modules/AsyncShutdown.sys.mjs:523:26
addBlocker@resource://gre/modules/AsyncShutdown.sys.mjs:458:15
setupShutdown@resource://gre/modules/osfile/osfile_async_front.jsm:1548:28
@resource://gre/modules/osfile/osfile_async_front.jsm:1568:16
@resource://gre/modules/osfile.jsm:12:30
@resource://gre/modules/TelemetryStorage.sys.mjs:10:28
_checkPendingPings@resource://gre/modules/TelemetrySend.sys.mjs:863:17
setup@resource://gre/modules/TelemetrySend.sys.mjs:803:18
setup@resource://gre/modules/TelemetrySend.sys.mjs:241:30
setupTelemetry/this._delayedInitTask<@resource://gre/modules/TelemetryControllerParent.sys.mjs:824:36
observe@resource://gre/modules/AsyncShutdown.sys.mjs:576:16

WARNING: A blocker encountered an error while we were waiting.
          Blocker:  TelemetryController: shutting down
          Phase: profile-before-change-telemetry
          State: Error getting state: Error: Phase "profile-before-change" is finished, it is too late to register completion condition "OS.File: flush I/O queued before profileBeforeChange" at addBlocker@resource://gre/modules/AsyncShutdown.sys.mjs:727:15
addBlocker@resource://gre/modules/AsyncShutdown.sys.mjs:523:26
addBlocker@resource://gre/modules/AsyncShutdown.sys.mjs:458:15
setupShutdown@resource://gre/modules/osfile/osfile_async_front.jsm:1548:28
@resource://gre/modules/osfile/osfile_async_front.jsm:1568:16
@resource://gre/modules/osfile.jsm:12:30
@resource://gre/modules/TelemetryStorage.sys.mjs:10:28
_checkPendingPings@resource://gre/modules/TelemetrySend.sys.mjs:863:17
setup@resource://gre/modules/TelemetrySend.sys.mjs:803:18
setup@resource://gre/modules/TelemetrySend.sys.mjs:241:30
setupTelemetry/this._delayedInitTask<@resource://gre/modules/TelemetryControllerParent.sys.mjs:824:36
observe@resource://gre/modules/AsyncShutdown.sys.mjs:576:16

WARNING: Error: Phase "profile-before-change" is finished, it is too late to register completion condition "OS.File: flush I/O queued before profileBeforeChange"
WARNING: addBlocker@resource://gre/modules/AsyncShutdown.sys.mjs:727:15
addBlocker@resource://gre/modules/AsyncShutdown.sys.mjs:523:26
addBlocker@resource://gre/modules/AsyncShutdown.sys.mjs:458:15
setupShutdown@resource://gre/modules/osfile/osfile_async_front.jsm:1548:28
@resource://gre/modules/osfile/osfile_async_front.jsm:1568:16
@resource://gre/modules/osfile.jsm:12:30
@resource://gre/modules/TelemetryStorage.sys.mjs:10:28
_checkPendingPings@resource://gre/modules/TelemetrySend.sys.mjs:863:17
setup@resource://gre/modules/TelemetrySend.sys.mjs:803:18
setup@resource://gre/modules/TelemetrySend.sys.mjs:241:30
setupTelemetry/this._delayedInitTask<@resource://gre/modules/TelemetryControllerParent.sys.mjs:824:36
observe@resource://gre/modules/AsyncShutdown.sys.mjs:576:16

JavaScript error: resource://gre/modules/AsyncShutdown.sys.mjs, line 727: Error: Phase "profile-before-change" is finished, it is too late to register completion condition "OS.File: flush I/O queued before profileBeforeChange"
JavaScript error: resource://gre/modules/AsyncShutdown.sys.mjs, line 727: Error: Phase "profile-before-change" is finished, it is too late to register completion condition "OS.File: flush I/O queued before profileBeforeChange"
JavaScript error: resource://gre/modules/AsyncShutdown.sys.mjs, line 727: Error: Phase "profile-before-change" is finished, it is too late to register completion condition "OS.File: flush I/O queued before profileBeforeChange"
JavaScript error: resource://gre/modules/AsyncShutdown.sys.mjs, line 727: Error: Phase "profile-before-change" is finished, it is too late to register completion condition "OS.File: flush I/O queued before profileBeforeChange"
JavaScript error: resource://gre/modules/AsyncShutdown.sys.mjs, line 727: Error: Phase "profile-before-change" is finished, it is too late to register completion condition "OS.File: flush I/O queued before profileBeforeChange"
JavaScript error: resource://gre/modules/AsyncShutdown.sys.mjs, line 727: Error: Phase "profile-before-change" is finished, it is too late to register completion condition "OS.File: flush I/O queued before profileBeforeChange"
1681914192350	geckodriver	INFO	Listening on 127.0.0.1:51930
1681914192858	mozrunner::runner	INFO	Running command: "/Applications/Firefox.app/Contents/MacOS/firefox-bin" "--marionette" "--headless" "--remote-debugging-port" ... s" "localhost" "-foreground" "-no-remote" "-profile" "/var/folders/zb/lcqftm5j4n1g6kkydhzwt05r0000gn/T/rust_mozprofile7FMoF2"
*** You are running in headless mode.
console.warn: services.settings: Ignoring preference override of remote settings server
console.warn: services.settings: Allow by setting MOZ_REMOTE_SETTINGS_DEVTOOLS=1 in the environment
1681914193617	Marionette	INFO	Marionette enabled
1681914194116	Marionette	INFO	Listening on port 51938
console.error: "Warning: unrecognized command line flag -remote-allow-hosts\n"
Read port: 51938
WebDriver BiDi listening on ws://127.0.0.1:51931
1681914194274	RemoteAgent	WARN	TLS certificate errors will be ignored for this session
[GFX1-]: RenderCompositorSWGL failed mapping default framebuffer, no dt
console.warn: SearchSettings: "get: No settings file exists, new profile?" (new NotFoundError("Could not open the file at /var/folders/zb/lcqftm5j4n1g6kkydhzwt05r0000gn/T/rust_mozprofile7FMoF2/search.json.mozlz4", (void 0)))
[ERROR glean_core] Error setting metrics feature config: Json(Error("EOF while parsing a value", line: 1, column: 0))
DevTools listening on ws://127.0.0.1:51931/devtools/browser/73f8bc9d-1f26-49f9-9e93-5d4b81b8000f
JavaScript error: http://owasp.local/wordpress//wp-includes/js/tinymce/tiny_mce_popup.js, line 98: TypeError: tinyMCE is null
JavaScript error: http://owasp.local/wordpress//wp-includes/js/tinymce/tiny_mce_popup.js, line 98: TypeError: tinyMCE is null
JavaScript error: http://owasp.local/wordpress//wp-includes/js/tinymce/themes/advanced/jscripts/color_picker.js, line 83: TypeError: tinyMCE is null
JavaScript error: http://owasp.local/wordpress//wp-includes/js/tinymce/tiny_mce_popup.js, line 98: TypeError: tinyMCE is null
JavaScript warning: http://owasp.local/wordpress//wp-includes/js/tinymce/utils/form_utils.js, line 117: unreachable code after return statement
JavaScript error: http://owasp.local/wordpress//wp-includes/js/tinymce/themes/advanced/jscripts/image.js, line 1: TypeError: tinyMCE is null
JavaScript error: http://owasp.local/wordpress//wp-includes/js/tinymce/tiny_mce_popup.js, line 98: TypeError: tinyMCE is null
JavaScript error: http://owasp.local/wordpress//wp-includes/js/tinymce/tiny_mce_popup.js, line 98: TypeError: tinyMCE is null
JavaScript warning: http://owasp.local/wordpress//wp-includes/js/tinymce/utils/form_utils.js, line 117: unreachable code after return statement
JavaScript error: http://owasp.local/wordpress//wp-includes/js/tinymce/themes/advanced/jscripts/link.js, line 1: TypeError: tinyMCE is null
JavaScript error: http://owasp.local/wordpress//wp-includes/js/tinymce/themes/advanced/link.htm, line 72: TypeError: tinyMCE is null
JavaScript error: http://owasp.local/wordpress//wp-includes/js/tinymce/tiny_mce_popup.js, line 98: TypeError: tinyMCE is null
JavaScript warning: http://owasp.local/wordpress//wp-includes/js/tinymce/themes/advanced/jscripts/source_editor.js, line 11: unreachable code after return statement
JavaScript error: http://owasp.local/wordpress//wp-includes/js/tinymce/themes/advanced/jscripts/source_editor.js, line 54: TypeError: tinyMCE is null
JavaScript error: http://owasp.local/wordpress//wp-includes/js/tinymce/tiny_mce_popup.js, line 98: TypeError: tinyMCE is null
1681914205250	Marionette	INFO	Stopped listening on port 51938
WARNING: A blocker encountered an error while we were waiting.
          Blocker:  Waiting for ping task
          Phase: TelemetryController: Waiting for pending ping activity
          State: (none)
WARNING: Error: Phase "profile-before-change" is finished, it is too late to register completion condition "OS.File: flush I/O queued before profileBeforeChange"
WARNING: addBlocker@resource://gre/modules/AsyncShutdown.sys.mjs:727:15
addBlocker@resource://gre/modules/AsyncShutdown.sys.mjs:523:26
addBlocker@resource://gre/modules/AsyncShutdown.sys.mjs:458:15
setupShutdown@resource://gre/modules/osfile/osfile_async_front.jsm:1548:28
@resource://gre/modules/osfile/osfile_async_front.jsm:1568:16
@resource://gre/modules/osfile.jsm:12:30
@resource://gre/modules/TelemetryStorage.sys.mjs:10:28
_checkPendingPings@resource://gre/modules/TelemetrySend.sys.mjs:863:17
setup@resource://gre/modules/TelemetrySend.sys.mjs:803:18
setup@resource://gre/modules/TelemetrySend.sys.mjs:241:30
setupTelemetry/this._delayedInitTask<@resource://gre/modules/TelemetryControllerParent.sys.mjs:824:36
observe@resource://gre/modules/AsyncShutdown.sys.mjs:576:16

console.error: "TelemetryScheduler.shutdown - Already shut down"
WARNING: A blocker encountered an error while we were waiting.
          Blocker:  Waiting for ping task
          Phase: TelemetryController: Waiting for pending ping activity
          State: (none)
WARNING: Error: Phase "profile-before-change" is finished, it is too late to register completion condition "OS.File: flush I/O queued before profileBeforeChange"
WARNING: addBlocker@resource://gre/modules/AsyncShutdown.sys.mjs:727:15
addBlocker@resource://gre/modules/AsyncShutdown.sys.mjs:523:26
addBlocker@resource://gre/modules/AsyncShutdown.sys.mjs:458:15
setupShutdown@resource://gre/modules/osfile/osfile_async_front.jsm:1548:28
@resource://gre/modules/osfile/osfile_async_front.jsm:1568:16
@resource://gre/modules/osfile.jsm:12:30
@resource://gre/modules/TelemetryStorage.sys.mjs:10:28
_checkPendingPings@resource://gre/modules/TelemetrySend.sys.mjs:863:17
setup@resource://gre/modules/TelemetrySend.sys.mjs:803:18
setup@resource://gre/modules/TelemetrySend.sys.mjs:241:30
setupTelemetry/this._delayedInitTask<@resource://gre/modules/TelemetryControllerParent.sys.mjs:824:36
observe@resource://gre/modules/AsyncShutdown.sys.mjs:576:16

WARNING: A blocker encountered an error while we were waiting.
          Blocker:  Waiting for ping task
          Phase: TelemetryController: Waiting for pending ping activity
          State: (none)
WARNING: Error: Phase "profile-before-change" is finished, it is too late to register completion condition "OS.File: flush I/O queued before profileBeforeChange"
WARNING: addBlocker@resource://gre/modules/AsyncShutdown.sys.mjs:727:15
addBlocker@resource://gre/modules/AsyncShutdown.sys.mjs:523:26
addBlocker@resource://gre/modules/AsyncShutdown.sys.mjs:458:15
setupShutdown@resource://gre/modules/osfile/osfile_async_front.jsm:1548:28
@resource://gre/modules/osfile/osfile_async_front.jsm:1568:16
@resource://gre/modules/osfile.jsm:12:30
@resource://gre/modules/TelemetryStorage.sys.mjs:10:28
_checkPendingPings@resource://gre/modules/TelemetrySend.sys.mjs:863:17
setup@resource://gre/modules/TelemetrySend.sys.mjs:803:18
setup@resource://gre/modules/TelemetrySend.sys.mjs:241:30
setupTelemetry/this._delayedInitTask<@resource://gre/modules/TelemetryControllerParent.sys.mjs:824:36
observe@resource://gre/modules/AsyncShutdown.sys.mjs:576:16

WARNING: A blocker encountered an error while we were waiting.
          Blocker:  TelemetryController: shutting down
          Phase: profile-before-change-telemetry
          State: Error getting state: Error: Phase "profile-before-change" is finished, it is too late to register completion condition "OS.File: flush I/O queued before profileBeforeChange" at addBlocker@resource://gre/modules/AsyncShutdown.sys.mjs:727:15
addBlocker@resource://gre/modules/AsyncShutdown.sys.mjs:523:26
addBlocker@resource://gre/modules/AsyncShutdown.sys.mjs:458:15
setupShutdown@resource://gre/modules/osfile/osfile_async_front.jsm:1548:28
@resource://gre/modules/osfile/osfile_async_front.jsm:1568:16
@resource://gre/modules/osfile.jsm:12:30
@resource://gre/modules/TelemetryStorage.sys.mjs:10:28
_checkPendingPings@resource://gre/modules/TelemetrySend.sys.mjs:863:17
setup@resource://gre/modules/TelemetrySend.sys.mjs:803:18
setup@resource://gre/modules/TelemetrySend.sys.mjs:241:30
setupTelemetry/this._delayedInitTask<@resource://gre/modules/TelemetryControllerParent.sys.mjs:824:36
observe@resource://gre/modules/AsyncShutdown.sys.mjs:576:16

WARNING: Error: Phase "profile-before-change" is finished, it is too late to register completion condition "OS.File: flush I/O queued before profileBeforeChange"
WARNING: addBlocker@resource://gre/modules/AsyncShutdown.sys.mjs:727:15
addBlocker@resource://gre/modules/AsyncShutdown.sys.mjs:523:26
addBlocker@resource://gre/modules/AsyncShutdown.sys.mjs:458:15
setupShutdown@resource://gre/modules/osfile/osfile_async_front.jsm:1548:28
@resource://gre/modules/osfile/osfile_async_front.jsm:1568:16
@resource://gre/modules/osfile.jsm:12:30
@resource://gre/modules/TelemetryStorage.sys.mjs:10:28
_checkPendingPings@resource://gre/modules/TelemetrySend.sys.mjs:863:17
setup@resource://gre/modules/TelemetrySend.sys.mjs:803:18
setup@resource://gre/modules/TelemetrySend.sys.mjs:241:30
setupTelemetry/this._delayedInitTask<@resource://gre/modules/TelemetryControllerParent.sys.mjs:824:36
observe@resource://gre/modules/AsyncShutdown.sys.mjs:576:16

JavaScript error: resource://gre/modules/AsyncShutdown.sys.mjs, line 727: Error: Phase "profile-before-change" is finished, it is too late to register completion condition "OS.File: flush I/O queued before profileBeforeChange"
JavaScript error: resource://gre/modules/AsyncShutdown.sys.mjs, line 727: Error: Phase "profile-before-change" is finished, it is too late to register completion condition "OS.File: flush I/O queued before profileBeforeChange"
JavaScript error: resource://gre/modules/AsyncShutdown.sys.mjs, line 727: Error: Phase "profile-before-change" is finished, it is too late to register completion condition "OS.File: flush I/O queued before profileBeforeChange"
JavaScript error: resource://gre/modules/AsyncShutdown.sys.mjs, line 727: Error: Phase "profile-before-change" is finished, it is too late to register completion condition "OS.File: flush I/O queued before profileBeforeChange"
JavaScript error: resource://gre/modules/AsyncShutdown.sys.mjs, line 727: Error: Phase "profile-before-change" is finished, it is too late to register completion condition "OS.File: flush I/O queued before profileBeforeChange"
JavaScript error: resource://gre/modules/AsyncShutdown.sys.mjs, line 727: Error: Phase "profile-before-change" is finished, it is too late to register completion condition "OS.File: flush I/O queued before profileBeforeChange"
1681955108124	geckodriver	INFO	Listening on 127.0.0.1:52366
1681955108605	mozrunner::runner	INFO	Running command: "/Applications/Firefox.app/Contents/MacOS/firefox-bin" "--marionette" "--headless" "--remote-debugging-port" ... s" "localhost" "-foreground" "-no-remote" "-profile" "/var/folders/zb/lcqftm5j4n1g6kkydhzwt05r0000gn/T/rust_mozprofileNIMalF"
*** You are running in headless mode.
console.warn: services.settings: Ignoring preference override of remote settings server
console.warn: services.settings: Allow by setting MOZ_REMOTE_SETTINGS_DEVTOOLS=1 in the environment
1681955109169	Marionette	INFO	Marionette enabled
1681955109364	Marionette	INFO	Listening on port 52374
console.error: "Warning: unrecognized command line flag -remote-allow-hosts\n"
Read port: 52374
WebDriver BiDi listening on ws://127.0.0.1:52367
1681955109576	RemoteAgent	WARN	TLS certificate errors will be ignored for this session
[GFX1-]: RenderCompositorSWGL failed mapping default framebuffer, no dt
console.warn: SearchSettings: "get: No settings file exists, new profile?" (new NotFoundError("Could not open the file at /var/folders/zb/lcqftm5j4n1g6kkydhzwt05r0000gn/T/rust_mozprofileNIMalF/search.json.mozlz4", (void 0)))
[ERROR glean_core] Error setting metrics feature config: Json(Error("EOF while parsing a value", line: 1, column: 0))
DevTools listening on ws://127.0.0.1:52367/devtools/browser/c44aa3d7-cd91-44c9-9ace-0d5389b0adef
JavaScript error: http://owasp.local/wordpress//wp-includes/js/tinymce/tiny_mce_popup.js, line 98: TypeError: tinyMCE is null
JavaScript error: http://owasp.local/wordpress//wp-includes/js/tinymce/tiny_mce_popup.js, line 98: TypeError: tinyMCE is null
JavaScript error: http://owasp.local/wordpress//wp-includes/js/tinymce/themes/advanced/jscripts/color_picker.js, line 83: TypeError: tinyMCE is null
JavaScript error: http://owasp.local/wordpress//wp-includes/js/tinymce/tiny_mce_popup.js, line 98: TypeError: tinyMCE is null
JavaScript error: http://owasp.local/wordpress//wp-includes/js/tinymce/tiny_mce_popup.js, line 98: TypeError: tinyMCE is null
JavaScript warning: http://owasp.local/wordpress//wp-includes/js/tinymce/utils/form_utils.js, line 117: unreachable code after return statement
JavaScript error: http://owasp.local/wordpress//wp-includes/js/tinymce/themes/advanced/jscripts/image.js, line 1: TypeError: tinyMCE is null
JavaScript error: http://owasp.local/wordpress//wp-includes/js/tinymce/tiny_mce_popup.js, line 98: TypeError: tinyMCE is null
JavaScript warning: http://owasp.local/wordpress//wp-includes/js/tinymce/utils/form_utils.js, line 117: unreachable code after return statement
JavaScript error: http://owasp.local/wordpress//wp-includes/js/tinymce/themes/advanced/jscripts/link.js, line 1: TypeError: tinyMCE is null
JavaScript error: http://owasp.local/wordpress//wp-includes/js/tinymce/themes/advanced/link.htm, line 72: TypeError: tinyMCE is null
JavaScript error: http://owasp.local/wordpress//wp-includes/js/tinymce/tiny_mce_popup.js, line 98: TypeError: tinyMCE is null
JavaScript warning: http://owasp.local/wordpress//wp-includes/js/tinymce/themes/advanced/jscripts/source_editor.js, line 11: unreachable code after return statement
JavaScript error: http://owasp.local/wordpress//wp-includes/js/tinymce/themes/advanced/jscripts/source_editor.js, line 54: TypeError: tinyMCE is null
JavaScript error: http://owasp.local/wordpress//wp-includes/js/tinymce/tiny_mce_popup.js, line 98: TypeError: tinyMCE is null
1681955118674	Marionette	INFO	Stopped listening on port 52374
WARNING: A blocker encountered an error while we were waiting.
          Blocker:  Waiting for ping task
          Phase: TelemetryController: Waiting for pending ping activity
          State: (none)
WARNING: Error: Phase "profile-before-change" is finished, it is too late to register completion condition "OS.File: flush I/O queued before profileBeforeChange"
WARNING: addBlocker@resource://gre/modules/AsyncShutdown.sys.mjs:727:15
addBlocker@resource://gre/modules/AsyncShutdown.sys.mjs:523:26
addBlocker@resource://gre/modules/AsyncShutdown.sys.mjs:458:15
setupShutdown@resource://gre/modules/osfile/osfile_async_front.jsm:1548:28
@resource://gre/modules/osfile/osfile_async_front.jsm:1568:16
@resource://gre/modules/osfile.jsm:12:30
@resource://gre/modules/TelemetryStorage.sys.mjs:10:28
_checkPendingPings@resource://gre/modules/TelemetrySend.sys.mjs:863:17
setup@resource://gre/modules/TelemetrySend.sys.mjs:803:18
setup@resource://gre/modules/TelemetrySend.sys.mjs:241:30
setupTelemetry/this._delayedInitTask<@resource://gre/modules/TelemetryControllerParent.sys.mjs:824:36
observe@resource://gre/modules/AsyncShutdown.sys.mjs:576:16

console.error: "TelemetryScheduler.shutdown - Already shut down"
WARNING: A blocker encountered an error while we were waiting.
          Blocker:  Waiting for ping task
          Phase: TelemetryController: Waiting for pending ping activity
          State: (none)
WARNING: Error: Phase "profile-before-change" is finished, it is too late to register completion condition "OS.File: flush I/O queued before profileBeforeChange"
WARNING: addBlocker@resource://gre/modules/AsyncShutdown.sys.mjs:727:15
addBlocker@resource://gre/modules/AsyncShutdown.sys.mjs:523:26
addBlocker@resource://gre/modules/AsyncShutdown.sys.mjs:458:15
setupShutdown@resource://gre/modules/osfile/osfile_async_front.jsm:1548:28
@resource://gre/modules/osfile/osfile_async_front.jsm:1568:16
@resource://gre/modules/osfile.jsm:12:30
@resource://gre/modules/TelemetryStorage.sys.mjs:10:28
_checkPendingPings@resource://gre/modules/TelemetrySend.sys.mjs:863:17
setup@resource://gre/modules/TelemetrySend.sys.mjs:803:18
setup@resource://gre/modules/TelemetrySend.sys.mjs:241:30
setupTelemetry/this._delayedInitTask<@resource://gre/modules/TelemetryControllerParent.sys.mjs:824:36
observe@resource://gre/modules/AsyncShutdown.sys.mjs:576:16

WARNING: A blocker encountered an error while we were waiting.
          Blocker:  Waiting for ping task
          Phase: TelemetryController: Waiting for pending ping activity
          State: (none)
WARNING: Error: Phase "profile-before-change" is finished, it is too late to register completion condition "OS.File: flush I/O queued before profileBeforeChange"
WARNING: addBlocker@resource://gre/modules/AsyncShutdown.sys.mjs:727:15
addBlocker@resource://gre/modules/AsyncShutdown.sys.mjs:523:26
addBlocker@resource://gre/modules/AsyncShutdown.sys.mjs:458:15
setupShutdown@resource://gre/modules/osfile/osfile_async_front.jsm:1548:28
@resource://gre/modules/osfile/osfile_async_front.jsm:1568:16
@resource://gre/modules/osfile.jsm:12:30
@resource://gre/modules/TelemetryStorage.sys.mjs:10:28
_checkPendingPings@resource://gre/modules/TelemetrySend.sys.mjs:863:17
setup@resource://gre/modules/TelemetrySend.sys.mjs:803:18
setup@resource://gre/modules/TelemetrySend.sys.mjs:241:30
setupTelemetry/this._delayedInitTask<@resource://gre/modules/TelemetryControllerParent.sys.mjs:824:36
observe@resource://gre/modules/AsyncShutdown.sys.mjs:576:16

WARNING: A blocker encountered an error while we were waiting.
          Blocker:  TelemetryController: shutting down
          Phase: profile-before-change-telemetry
          State: Error getting state: Error: Phase "profile-before-change" is finished, it is too late to register completion condition "OS.File: flush I/O queued before profileBeforeChange" at addBlocker@resource://gre/modules/AsyncShutdown.sys.mjs:727:15
addBlocker@resource://gre/modules/AsyncShutdown.sys.mjs:523:26
addBlocker@resource://gre/modules/AsyncShutdown.sys.mjs:458:15
setupShutdown@resource://gre/modules/osfile/osfile_async_front.jsm:1548:28
@resource://gre/modules/osfile/osfile_async_front.jsm:1568:16
@resource://gre/modules/osfile.jsm:12:30
@resource://gre/modules/TelemetryStorage.sys.mjs:10:28
_checkPendingPings@resource://gre/modules/TelemetrySend.sys.mjs:863:17
setup@resource://gre/modules/TelemetrySend.sys.mjs:803:18
setup@resource://gre/modules/TelemetrySend.sys.mjs:241:30
setupTelemetry/this._delayedInitTask<@resource://gre/modules/TelemetryControllerParent.sys.mjs:824:36
observe@resource://gre/modules/AsyncShutdown.sys.mjs:576:16

WARNING: Error: Phase "profile-before-change" is finished, it is too late to register completion condition "OS.File: flush I/O queued before profileBeforeChange"
WARNING: addBlocker@resource://gre/modules/AsyncShutdown.sys.mjs:727:15
addBlocker@resource://gre/modules/AsyncShutdown.sys.mjs:523:26
addBlocker@resource://gre/modules/AsyncShutdown.sys.mjs:458:15
setupShutdown@resource://gre/modules/osfile/osfile_async_front.jsm:1548:28
@resource://gre/modules/osfile/osfile_async_front.jsm:1568:16
@resource://gre/modules/osfile.jsm:12:30
@resource://gre/modules/TelemetryStorage.sys.mjs:10:28
_checkPendingPings@resource://gre/modules/TelemetrySend.sys.mjs:863:17
setup@resource://gre/modules/TelemetrySend.sys.mjs:803:18
setup@resource://gre/modules/TelemetrySend.sys.mjs:241:30
setupTelemetry/this._delayedInitTask<@resource://gre/modules/TelemetryControllerParent.sys.mjs:824:36
observe@resource://gre/modules/AsyncShutdown.sys.mjs:576:16

JavaScript error: resource://gre/modules/AsyncShutdown.sys.mjs, line 727: Error: Phase "profile-before-change" is finished, it is too late to register completion condition "OS.File: flush I/O queued before profileBeforeChange"
JavaScript error: resource://gre/modules/AsyncShutdown.sys.mjs, line 727: Error: Phase "profile-before-change" is finished, it is too late to register completion condition "OS.File: flush I/O queued before profileBeforeChange"
JavaScript error: resource://gre/modules/AsyncShutdown.sys.mjs, line 727: Error: Phase "profile-before-change" is finished, it is too late to register completion condition "OS.File: flush I/O queued before profileBeforeChange"
JavaScript error: resource://gre/modules/AsyncShutdown.sys.mjs, line 727: Error: Phase "profile-before-change" is finished, it is too late to register completion condition "OS.File: flush I/O queued before profileBeforeChange"
JavaScript error: resource://gre/modules/AsyncShutdown.sys.mjs, line 727: Error: Phase "profile-before-change" is finished, it is too late to register completion condition "OS.File: flush I/O queued before profileBeforeChange"
JavaScript error: resource://gre/modules/AsyncShutdown.sys.mjs, line 727: Error: Phase "profile-before-change" is finished, it is too late to register completion condition "OS.File: flush I/O queued before profileBeforeChange"
1681972480173	geckodriver	INFO	Listening on 127.0.0.1:54833
1681972480423	mozrunner::runner	INFO	Running command: "/Applications/Firefox.app/Contents/MacOS/firefox-bin" "--marionette" "--headless" "--remote-debugging-port" ... s" "localhost" "-foreground" "-no-remote" "-profile" "/var/folders/zb/lcqftm5j4n1g6kkydhzwt05r0000gn/T/rust_mozprofileDrlSPa"
*** You are running in headless mode.
console.warn: services.settings: Ignoring preference override of remote settings server
console.warn: services.settings: Allow by setting MOZ_REMOTE_SETTINGS_DEVTOOLS=1 in the environment
1681972481085	Marionette	INFO	Marionette enabled
1681972481295	Marionette	INFO	Listening on port 54849
Read port: 54849
console.error: "Warning: unrecognized command line flag -remote-allow-hosts\n"
WebDriver BiDi listening on ws://127.0.0.1:54834
1681972481728	RemoteAgent	WARN	TLS certificate errors will be ignored for this session
[GFX1-]: RenderCompositorSWGL failed mapping default framebuffer, no dt
console.warn: SearchSettings: "get: No settings file exists, new profile?" (new NotFoundError("Could not open the file at /var/folders/zb/lcqftm5j4n1g6kkydhzwt05r0000gn/T/rust_mozprofileDrlSPa/search.json.mozlz4", (void 0)))
[ERROR glean_core] Error setting metrics feature config: Json(Error("EOF while parsing a value", line: 1, column: 0))
DevTools listening on ws://127.0.0.1:54834/devtools/browser/55c57fe5-2104-4e2b-9256-4e34a5beb1b9
1681972486175	Marionette	INFO	Stopped listening on port 54849
WARNING: A blocker encountered an error while we were waiting.
          Blocker:  Waiting for ping task
          Phase: TelemetryController: Waiting for pending ping activity
          State: (none)
WARNING: Error: Phase "profile-before-change" is finished, it is too late to register completion condition "OS.File: flush I/O queued before profileBeforeChange"
WARNING: addBlocker@resource://gre/modules/AsyncShutdown.sys.mjs:727:15
addBlocker@resource://gre/modules/AsyncShutdown.sys.mjs:523:26
addBlocker@resource://gre/modules/AsyncShutdown.sys.mjs:458:15
setupShutdown@resource://gre/modules/osfile/osfile_async_front.jsm:1548:28
@resource://gre/modules/osfile/osfile_async_front.jsm:1568:16
@resource://gre/modules/osfile.jsm:12:30
@resource://gre/modules/TelemetryStorage.sys.mjs:10:28
_checkPendingPings@resource://gre/modules/TelemetrySend.sys.mjs:863:17
setup@resource://gre/modules/TelemetrySend.sys.mjs:803:18
setup@resource://gre/modules/TelemetrySend.sys.mjs:241:30
setupTelemetry/this._delayedInitTask<@resource://gre/modules/TelemetryControllerParent.sys.mjs:824:36
observe@resource://gre/modules/AsyncShutdown.sys.mjs:576:16

console.error: "TelemetryScheduler.shutdown - Already shut down"
WARNING: A blocker encountered an error while we were waiting.
          Blocker:  Waiting for ping task
          Phase: TelemetryController: Waiting for pending ping activity
          State: (none)
WARNING: Error: Phase "profile-before-change" is finished, it is too late to register completion condition "OS.File: flush I/O queued before profileBeforeChange"
WARNING: addBlocker@resource://gre/modules/AsyncShutdown.sys.mjs:727:15
addBlocker@resource://gre/modules/AsyncShutdown.sys.mjs:523:26
addBlocker@resource://gre/modules/AsyncShutdown.sys.mjs:458:15
setupShutdown@resource://gre/modules/osfile/osfile_async_front.jsm:1548:28
@resource://gre/modules/osfile/osfile_async_front.jsm:1568:16
@resource://gre/modules/osfile.jsm:12:30
@resource://gre/modules/TelemetryStorage.sys.mjs:10:28
_checkPendingPings@resource://gre/modules/TelemetrySend.sys.mjs:863:17
setup@resource://gre/modules/TelemetrySend.sys.mjs:803:18
setup@resource://gre/modules/TelemetrySend.sys.mjs:241:30
setupTelemetry/this._delayedInitTask<@resource://gre/modules/TelemetryControllerParent.sys.mjs:824:36
observe@resource://gre/modules/AsyncShutdown.sys.mjs:576:16

WARNING: A blocker encountered an error while we were waiting.
          Blocker:  Waiting for ping task
          Phase: TelemetryController: Waiting for pending ping activity
          State: (none)
WARNING: Error: Phase "profile-before-change" is finished, it is too late to register completion condition "OS.File: flush I/O queued before profileBeforeChange"
WARNING: addBlocker@resource://gre/modules/AsyncShutdown.sys.mjs:727:15
addBlocker@resource://gre/modules/AsyncShutdown.sys.mjs:523:26
addBlocker@resource://gre/modules/AsyncShutdown.sys.mjs:458:15
setupShutdown@resource://gre/modules/osfile/osfile_async_front.jsm:1548:28
@resource://gre/modules/osfile/osfile_async_front.jsm:1568:16
@resource://gre/modules/osfile.jsm:12:30
@resource://gre/modules/TelemetryStorage.sys.mjs:10:28
_checkPendingPings@resource://gre/modules/TelemetrySend.sys.mjs:863:17
setup@resource://gre/modules/TelemetrySend.sys.mjs:803:18
setup@resource://gre/modules/TelemetrySend.sys.mjs:241:30
setupTelemetry/this._delayedInitTask<@resource://gre/modules/TelemetryControllerParent.sys.mjs:824:36
observe@resource://gre/modules/AsyncShutdown.sys.mjs:576:16

WARNING: A blocker encountered an error while we were waiting.
          Blocker:  TelemetryController: shutting down
          Phase: profile-before-change-telemetry
          State: Error getting state: Error: Phase "profile-before-change" is finished, it is too late to register completion condition "OS.File: flush I/O queued before profileBeforeChange" at addBlocker@resource://gre/modules/AsyncShutdown.sys.mjs:727:15
addBlocker@resource://gre/modules/AsyncShutdown.sys.mjs:523:26
addBlocker@resource://gre/modules/AsyncShutdown.sys.mjs:458:15
setupShutdown@resource://gre/modules/osfile/osfile_async_front.jsm:1548:28
@resource://gre/modules/osfile/osfile_async_front.jsm:1568:16
@resource://gre/modules/osfile.jsm:12:30
@resource://gre/modules/TelemetryStorage.sys.mjs:10:28
_checkPendingPings@resource://gre/modules/TelemetrySend.sys.mjs:863:17
setup@resource://gre/modules/TelemetrySend.sys.mjs:803:18
setup@resource://gre/modules/TelemetrySend.sys.mjs:241:30
setupTelemetry/this._delayedInitTask<@resource://gre/modules/TelemetryControllerParent.sys.mjs:824:36
observe@resource://gre/modules/AsyncShutdown.sys.mjs:576:16

WARNING: Error: Phase "profile-before-change" is finished, it is too late to register completion condition "OS.File: flush I/O queued before profileBeforeChange"
WARNING: addBlocker@resource://gre/modules/AsyncShutdown.sys.mjs:727:15
addBlocker@resource://gre/modules/AsyncShutdown.sys.mjs:523:26
addBlocker@resource://gre/modules/AsyncShutdown.sys.mjs:458:15
setupShutdown@resource://gre/modules/osfile/osfile_async_front.jsm:1548:28
@resource://gre/modules/osfile/osfile_async_front.jsm:1568:16
@resource://gre/modules/osfile.jsm:12:30
@resource://gre/modules/TelemetryStorage.sys.mjs:10:28
_checkPendingPings@resource://gre/modules/TelemetrySend.sys.mjs:863:17
setup@resource://gre/modules/TelemetrySend.sys.mjs:803:18
setup@resource://gre/modules/TelemetrySend.sys.mjs:241:30
setupTelemetry/this._delayedInitTask<@resource://gre/modules/TelemetryControllerParent.sys.mjs:824:36
observe@resource://gre/modules/AsyncShutdown.sys.mjs:576:16

JavaScript error: resource://gre/modules/AsyncShutdown.sys.mjs, line 727: Error: Phase "profile-before-change" is finished, it is too late to register completion condition "OS.File: flush I/O queued before profileBeforeChange"
JavaScript error: resource://gre/modules/AsyncShutdown.sys.mjs, line 727: Error: Phase "profile-before-change" is finished, it is too late to register completion condition "OS.File: flush I/O queued before profileBeforeChange"
JavaScript error: resource://gre/modules/AsyncShutdown.sys.mjs, line 727: Error: Phase "profile-before-change" is finished, it is too late to register completion condition "OS.File: flush I/O queued before profileBeforeChange"
JavaScript error: resource://gre/modules/AsyncShutdown.sys.mjs, line 727: Error: Phase "profile-before-change" is finished, it is too late to register completion condition "OS.File: flush I/O queued before profileBeforeChange"
JavaScript error: resource://gre/modules/AsyncShutdown.sys.mjs, line 727: Error: Phase "profile-before-change" is finished, it is too late to register completion condition "OS.File: flush I/O queued before profileBeforeChange"
JavaScript error: resource://gre/modules/AsyncShutdown.sys.mjs, line 727: Error: Phase "profile-before-change" is finished, it is too late to register completion condition "OS.File: flush I/O queued before profileBeforeChange"
1681973425267	geckodriver	INFO	Listening on 127.0.0.1:58710
1681973425789	mozrunner::runner	INFO	Running command: "/Applications/Firefox.app/Contents/MacOS/firefox-bin" "--marionette" "--headless" "--remote-debugging-port" ... s" "localhost" "-foreground" "-no-remote" "-profile" "/var/folders/zb/lcqftm5j4n1g6kkydhzwt05r0000gn/T/rust_mozprofiley55DWA"
*** You are running in headless mode.
console.warn: services.settings: Ignoring preference override of remote settings server
console.warn: services.settings: Allow by setting MOZ_REMOTE_SETTINGS_DEVTOOLS=1 in the environment
1681973426478	Marionette	INFO	Marionette enabled
1681973426682	Marionette	INFO	Listening on port 58724
Read port: 58724
console.error: "Warning: unrecognized command line flag -remote-allow-hosts\n"
WebDriver BiDi listening on ws://127.0.0.1:58711
1681973426879	RemoteAgent	WARN	TLS certificate errors will be ignored for this session
[GFX1-]: RenderCompositorSWGL failed mapping default framebuffer, no dt
console.warn: SearchSettings: "get: No settings file exists, new profile?" (new NotFoundError("Could not open the file at /var/folders/zb/lcqftm5j4n1g6kkydhzwt05r0000gn/T/rust_mozprofiley55DWA/search.json.mozlz4", (void 0)))
[ERROR glean_core] Error setting metrics feature config: Json(Error("EOF while parsing a value", line: 1, column: 0))
DevTools listening on ws://127.0.0.1:58711/devtools/browser/d57c57ec-0e61-4ec3-92fb-52c83a8b7b9e
1681973432575	Marionette	INFO	Stopped listening on port 58724
WARNING: A blocker encountered an error while we were waiting.
          Blocker:  Waiting for ping task
          Phase: TelemetryController: Waiting for pending ping activity
          State: (none)
WARNING: Error: Phase "profile-before-change" is finished, it is too late to register completion condition "OS.File: flush I/O queued before profileBeforeChange"
WARNING: addBlocker@resource://gre/modules/AsyncShutdown.sys.mjs:727:15
addBlocker@resource://gre/modules/AsyncShutdown.sys.mjs:523:26
addBlocker@resource://gre/modules/AsyncShutdown.sys.mjs:458:15
setupShutdown@resource://gre/modules/osfile/osfile_async_front.jsm:1548:28
@resource://gre/modules/osfile/osfile_async_front.jsm:1568:16
@resource://gre/modules/osfile.jsm:12:30
@resource://gre/modules/TelemetryStorage.sys.mjs:10:28
_checkPendingPings@resource://gre/modules/TelemetrySend.sys.mjs:863:17
setup@resource://gre/modules/TelemetrySend.sys.mjs:803:18
setup@resource://gre/modules/TelemetrySend.sys.mjs:241:30
setupTelemetry/this._delayedInitTask<@resource://gre/modules/TelemetryControllerParent.sys.mjs:824:36
observe@resource://gre/modules/AsyncShutdown.sys.mjs:576:16

console.error: "TelemetryScheduler.shutdown - Already shut down"
WARNING: A blocker encountered an error while we were waiting.
          Blocker:  Waiting for ping task
          Phase: TelemetryController: Waiting for pending ping activity
          State: (none)
WARNING: Error: Phase "profile-before-change" is finished, it is too late to register completion condition "OS.File: flush I/O queued before profileBeforeChange"
WARNING: addBlocker@resource://gre/modules/AsyncShutdown.sys.mjs:727:15
addBlocker@resource://gre/modules/AsyncShutdown.sys.mjs:523:26
addBlocker@resource://gre/modules/AsyncShutdown.sys.mjs:458:15
setupShutdown@resource://gre/modules/osfile/osfile_async_front.jsm:1548:28
@resource://gre/modules/osfile/osfile_async_front.jsm:1568:16
@resource://gre/modules/osfile.jsm:12:30
@resource://gre/modules/TelemetryStorage.sys.mjs:10:28
_checkPendingPings@resource://gre/modules/TelemetrySend.sys.mjs:863:17
setup@resource://gre/modules/TelemetrySend.sys.mjs:803:18
setup@resource://gre/modules/TelemetrySend.sys.mjs:241:30
setupTelemetry/this._delayedInitTask<@resource://gre/modules/TelemetryControllerParent.sys.mjs:824:36
observe@resource://gre/modules/AsyncShutdown.sys.mjs:576:16

WARNING: A blocker encountered an error while we were waiting.
          Blocker:  Waiting for ping task
          Phase: TelemetryController: Waiting for pending ping activity
          State: (none)
WARNING: Error: Phase "profile-before-change" is finished, it is too late to register completion condition "OS.File: flush I/O queued before profileBeforeChange"
WARNING: addBlocker@resource://gre/modules/AsyncShutdown.sys.mjs:727:15
addBlocker@resource://gre/modules/AsyncShutdown.sys.mjs:523:26
addBlocker@resource://gre/modules/AsyncShutdown.sys.mjs:458:15
setupShutdown@resource://gre/modules/osfile/osfile_async_front.jsm:1548:28
@resource://gre/modules/osfile/osfile_async_front.jsm:1568:16
@resource://gre/modules/osfile.jsm:12:30
@resource://gre/modules/TelemetryStorage.sys.mjs:10:28
_checkPendingPings@resource://gre/modules/TelemetrySend.sys.mjs:863:17
setup@resource://gre/modules/TelemetrySend.sys.mjs:803:18
setup@resource://gre/modules/TelemetrySend.sys.mjs:241:30
setupTelemetry/this._delayedInitTask<@resource://gre/modules/TelemetryControllerParent.sys.mjs:824:36
observe@resource://gre/modules/AsyncShutdown.sys.mjs:576:16

WARNING: A blocker encountered an error while we were waiting.
          Blocker:  TelemetryController: shutting down
          Phase: profile-before-change-telemetry
          State: Error getting state: Error: Phase "profile-before-change" is finished, it is too late to register completion condition "OS.File: flush I/O queued before profileBeforeChange" at addBlocker@resource://gre/modules/AsyncShutdown.sys.mjs:727:15
addBlocker@resource://gre/modules/AsyncShutdown.sys.mjs:523:26
addBlocker@resource://gre/modules/AsyncShutdown.sys.mjs:458:15
setupShutdown@resource://gre/modules/osfile/osfile_async_front.jsm:1548:28
@resource://gre/modules/osfile/osfile_async_front.jsm:1568:16
@resource://gre/modules/osfile.jsm:12:30
@resource://gre/modules/TelemetryStorage.sys.mjs:10:28
_checkPendingPings@resource://gre/modules/TelemetrySend.sys.mjs:863:17
setup@resource://gre/modules/TelemetrySend.sys.mjs:803:18
setup@resource://gre/modules/TelemetrySend.sys.mjs:241:30
setupTelemetry/this._delayedInitTask<@resource://gre/modules/TelemetryControllerParent.sys.mjs:824:36
observe@resource://gre/modules/AsyncShutdown.sys.mjs:576:16

WARNING: Error: Phase "profile-before-change" is finished, it is too late to register completion condition "OS.File: flush I/O queued before profileBeforeChange"
WARNING: addBlocker@resource://gre/modules/AsyncShutdown.sys.mjs:727:15
addBlocker@resource://gre/modules/AsyncShutdown.sys.mjs:523:26
addBlocker@resource://gre/modules/AsyncShutdown.sys.mjs:458:15
setupShutdown@resource://gre/modules/osfile/osfile_async_front.jsm:1548:28
@resource://gre/modules/osfile/osfile_async_front.jsm:1568:16
@resource://gre/modules/osfile.jsm:12:30
@resource://gre/modules/TelemetryStorage.sys.mjs:10:28
_checkPendingPings@resource://gre/modules/TelemetrySend.sys.mjs:863:17
setup@resource://gre/modules/TelemetrySend.sys.mjs:803:18
setup@resource://gre/modules/TelemetrySend.sys.mjs:241:30
setupTelemetry/this._delayedInitTask<@resource://gre/modules/TelemetryControllerParent.sys.mjs:824:36
observe@resource://gre/modules/AsyncShutdown.sys.mjs:576:16

JavaScript error: resource://gre/modules/AsyncShutdown.sys.mjs, line 727: Error: Phase "profile-before-change" is finished, it is too late to register completion condition "OS.File: flush I/O queued before profileBeforeChange"
JavaScript error: resource://gre/modules/AsyncShutdown.sys.mjs, line 727: Error: Phase "profile-before-change" is finished, it is too late to register completion condition "OS.File: flush I/O queued before profileBeforeChange"
JavaScript error: resource://gre/modules/AsyncShutdown.sys.mjs, line 727: Error: Phase "profile-before-change" is finished, it is too late to register completion condition "OS.File: flush I/O queued before profileBeforeChange"
JavaScript error: resource://gre/modules/AsyncShutdown.sys.mjs, line 727: Error: Phase "profile-before-change" is finished, it is too late to register completion condition "OS.File: flush I/O queued before profileBeforeChange"
JavaScript error: resource://gre/modules/AsyncShutdown.sys.mjs, line 727: Error: Phase "profile-before-change" is finished, it is too late to register completion condition "OS.File: flush I/O queued before profileBeforeChange"
JavaScript error: resource://gre/modules/AsyncShutdown.sys.mjs, line 727: Error: Phase "profile-before-change" is finished, it is too late to register completion condition "OS.File: flush I/O queued before profileBeforeChange"
1682048874612	geckodriver	INFO	Listening on 127.0.0.1:65419
1682048874956	mozrunner::runner	INFO	Running command: "/Applications/Firefox.app/Contents/MacOS/firefox-bin" "--marionette" "--headless" "--remote-debugging-port" ... s" "localhost" "-foreground" "-no-remote" "-profile" "/var/folders/zb/lcqftm5j4n1g6kkydhzwt05r0000gn/T/rust_mozprofileX6kBfN"
*** You are running in headless mode.
console.warn: services.settings: Ignoring preference override of remote settings server
console.warn: services.settings: Allow by setting MOZ_REMOTE_SETTINGS_DEVTOOLS=1 in the environment
1682048875755	Marionette	INFO	Marionette enabled
1682048876010	Marionette	INFO	Listening on port 65427
Read port: 65427
console.error: "Warning: unrecognized command line flag -remote-allow-hosts\n"
WebDriver BiDi listening on ws://127.0.0.1:65420
1682048876320	RemoteAgent	WARN	TLS certificate errors will be ignored for this session
[GFX1-]: RenderCompositorSWGL failed mapping default framebuffer, no dt
console.warn: SearchSettings: "get: No settings file exists, new profile?" (new NotFoundError("Could not open the file at /var/folders/zb/lcqftm5j4n1g6kkydhzwt05r0000gn/T/rust_mozprofileX6kBfN/search.json.mozlz4", (void 0)))
[ERROR glean_core] Error setting metrics feature config: Json(Error("EOF while parsing a value", line: 1, column: 0))
DevTools listening on ws://127.0.0.1:65420/devtools/browser/4018ddc8-63b9-4de0-b819-e3771dda8387
JavaScript error: http://owasp.local/wordpress//wp-includes/js/tinymce/tiny_mce_popup.js, line 98: TypeError: tinyMCE is null
JavaScript error: http://owasp.local/wordpress//wp-includes/js/tinymce/tiny_mce_popup.js, line 98: TypeError: tinyMCE is null
JavaScript error: http://owasp.local/wordpress//wp-includes/js/tinymce/themes/advanced/jscripts/color_picker.js, line 83: TypeError: tinyMCE is null
JavaScript error: http://owasp.local/wordpress//wp-includes/js/tinymce/tiny_mce_popup.js, line 98: TypeError: tinyMCE is null
JavaScript error: http://owasp.local/wordpress//wp-includes/js/tinymce/tiny_mce_popup.js, line 98: TypeError: tinyMCE is null
JavaScript warning: http://owasp.local/wordpress//wp-includes/js/tinymce/utils/form_utils.js, line 117: unreachable code after return statement
JavaScript error: http://owasp.local/wordpress//wp-includes/js/tinymce/themes/advanced/jscripts/image.js, line 1: TypeError: tinyMCE is null
JavaScript error: http://owasp.local/wordpress//wp-includes/js/tinymce/tiny_mce_popup.js, line 98: TypeError: tinyMCE is null
JavaScript warning: http://owasp.local/wordpress//wp-includes/js/tinymce/utils/form_utils.js, line 117: unreachable code after return statement
JavaScript error: http://owasp.local/wordpress//wp-includes/js/tinymce/themes/advanced/jscripts/link.js, line 1: TypeError: tinyMCE is null
JavaScript error: http://owasp.local/wordpress//wp-includes/js/tinymce/themes/advanced/link.htm, line 72: TypeError: tinyMCE is null
JavaScript error: http://owasp.local/wordpress//wp-includes/js/tinymce/tiny_mce_popup.js, line 98: TypeError: tinyMCE is null
JavaScript warning: http://owasp.local/wordpress//wp-includes/js/tinymce/themes/advanced/jscripts/source_editor.js, line 11: unreachable code after return statement
JavaScript error: http://owasp.local/wordpress//wp-includes/js/tinymce/themes/advanced/jscripts/source_editor.js, line 54: TypeError: tinyMCE is null
JavaScript error: http://owasp.local/wordpress//wp-includes/js/tinymce/tiny_mce_popup.js, line 98: TypeError: tinyMCE is null
1682048886611	Marionette	INFO	Stopped listening on port 65427
WARNING: A blocker encountered an error while we were waiting.
          Blocker:  Waiting for ping task
          Phase: TelemetryController: Waiting for pending ping activity
          State: (none)
WARNING: Error: Phase "profile-before-change" is finished, it is too late to register completion condition "OS.File: flush I/O queued before profileBeforeChange"
WARNING: addBlocker@resource://gre/modules/AsyncShutdown.sys.mjs:727:15
addBlocker@resource://gre/modules/AsyncShutdown.sys.mjs:523:26
addBlocker@resource://gre/modules/AsyncShutdown.sys.mjs:458:15
setupShutdown@resource://gre/modules/osfile/osfile_async_front.jsm:1548:28
@resource://gre/modules/osfile/osfile_async_front.jsm:1568:16
@resource://gre/modules/osfile.jsm:12:30
@resource://gre/modules/TelemetryStorage.sys.mjs:10:28
_checkPendingPings@resource://gre/modules/TelemetrySend.sys.mjs:863:17
setup@resource://gre/modules/TelemetrySend.sys.mjs:803:18
setup@resource://gre/modules/TelemetrySend.sys.mjs:241:30
setupTelemetry/this._delayedInitTask<@resource://gre/modules/TelemetryControllerParent.sys.mjs:824:36
observe@resource://gre/modules/AsyncShutdown.sys.mjs:576:16

console.error: "TelemetryScheduler.shutdown - Already shut down"
WARNING: A blocker encountered an error while we were waiting.
          Blocker:  Waiting for ping task
          Phase: TelemetryController: Waiting for pending ping activity
          State: (none)
WARNING: Error: Phase "profile-before-change" is finished, it is too late to register completion condition "OS.File: flush I/O queued before profileBeforeChange"
WARNING: addBlocker@resource://gre/modules/AsyncShutdown.sys.mjs:727:15
addBlocker@resource://gre/modules/AsyncShutdown.sys.mjs:523:26
addBlocker@resource://gre/modules/AsyncShutdown.sys.mjs:458:15
setupShutdown@resource://gre/modules/osfile/osfile_async_front.jsm:1548:28
@resource://gre/modules/osfile/osfile_async_front.jsm:1568:16
@resource://gre/modules/osfile.jsm:12:30
@resource://gre/modules/TelemetryStorage.sys.mjs:10:28
_checkPendingPings@resource://gre/modules/TelemetrySend.sys.mjs:863:17
setup@resource://gre/modules/TelemetrySend.sys.mjs:803:18
setup@resource://gre/modules/TelemetrySend.sys.mjs:241:30
setupTelemetry/this._delayedInitTask<@resource://gre/modules/TelemetryControllerParent.sys.mjs:824:36
observe@resource://gre/modules/AsyncShutdown.sys.mjs:576:16

WARNING: A blocker encountered an error while we were waiting.
          Blocker:  Waiting for ping task
          Phase: TelemetryController: Waiting for pending ping activity
          State: (none)
WARNING: Error: Phase "profile-before-change" is finished, it is too late to register completion condition "OS.File: flush I/O queued before profileBeforeChange"
WARNING: addBlocker@resource://gre/modules/AsyncShutdown.sys.mjs:727:15
addBlocker@resource://gre/modules/AsyncShutdown.sys.mjs:523:26
addBlocker@resource://gre/modules/AsyncShutdown.sys.mjs:458:15
setupShutdown@resource://gre/modules/osfile/osfile_async_front.jsm:1548:28
@resource://gre/modules/osfile/osfile_async_front.jsm:1568:16
@resource://gre/modules/osfile.jsm:12:30
@resource://gre/modules/TelemetryStorage.sys.mjs:10:28
_checkPendingPings@resource://gre/modules/TelemetrySend.sys.mjs:863:17
setup@resource://gre/modules/TelemetrySend.sys.mjs:803:18
setup@resource://gre/modules/TelemetrySend.sys.mjs:241:30
setupTelemetry/this._delayedInitTask<@resource://gre/modules/TelemetryControllerParent.sys.mjs:824:36
observe@resource://gre/modules/AsyncShutdown.sys.mjs:576:16

WARNING: A blocker encountered an error while we were waiting.
          Blocker:  TelemetryController: shutting down
          Phase: profile-before-change-telemetry
          State: Error getting state: Error: Phase "profile-before-change" is finished, it is too late to register completion condition "OS.File: flush I/O queued before profileBeforeChange" at addBlocker@resource://gre/modules/AsyncShutdown.sys.mjs:727:15
addBlocker@resource://gre/modules/AsyncShutdown.sys.mjs:523:26
addBlocker@resource://gre/modules/AsyncShutdown.sys.mjs:458:15
setupShutdown@resource://gre/modules/osfile/osfile_async_front.jsm:1548:28
@resource://gre/modules/osfile/osfile_async_front.jsm:1568:16
@resource://gre/modules/osfile.jsm:12:30
@resource://gre/modules/TelemetryStorage.sys.mjs:10:28
_checkPendingPings@resource://gre/modules/TelemetrySend.sys.mjs:863:17
setup@resource://gre/modules/TelemetrySend.sys.mjs:803:18
setup@resource://gre/modules/TelemetrySend.sys.mjs:241:30
setupTelemetry/this._delayedInitTask<@resource://gre/modules/TelemetryControllerParent.sys.mjs:824:36
observe@resource://gre/modules/AsyncShutdown.sys.mjs:576:16

WARNING: Error: Phase "profile-before-change" is finished, it is too late to register completion condition "OS.File: flush I/O queued before profileBeforeChange"
WARNING: addBlocker@resource://gre/modules/AsyncShutdown.sys.mjs:727:15
addBlocker@resource://gre/modules/AsyncShutdown.sys.mjs:523:26
addBlocker@resource://gre/modules/AsyncShutdown.sys.mjs:458:15
setupShutdown@resource://gre/modules/osfile/osfile_async_front.jsm:1548:28
@resource://gre/modules/osfile/osfile_async_front.jsm:1568:16
@resource://gre/modules/osfile.jsm:12:30
@resource://gre/modules/TelemetryStorage.sys.mjs:10:28
_checkPendingPings@resource://gre/modules/TelemetrySend.sys.mjs:863:17
setup@resource://gre/modules/TelemetrySend.sys.mjs:803:18
setup@resource://gre/modules/TelemetrySend.sys.mjs:241:30
setupTelemetry/this._delayedInitTask<@resource://gre/modules/TelemetryControllerParent.sys.mjs:824:36
observe@resource://gre/modules/AsyncShutdown.sys.mjs:576:16

JavaScript error: resource://gre/modules/AsyncShutdown.sys.mjs, line 727: Error: Phase "profile-before-change" is finished, it is too late to register completion condition "OS.File: flush I/O queued before profileBeforeChange"
JavaScript error: resource://gre/modules/AsyncShutdown.sys.mjs, line 727: Error: Phase "profile-before-change" is finished, it is too late to register completion condition "OS.File: flush I/O queued before profileBeforeChange"
JavaScript error: resource://gre/modules/AsyncShutdown.sys.mjs, line 727: Error: Phase "profile-before-change" is finished, it is too late to register completion condition "OS.File: flush I/O queued before profileBeforeChange"
JavaScript error: resource://gre/modules/AsyncShutdown.sys.mjs, line 727: Error: Phase "profile-before-change" is finished, it is too late to register completion condition "OS.File: flush I/O queued before profileBeforeChange"
JavaScript error: resource://gre/modules/AsyncShutdown.sys.mjs, line 727: Error: Phase "profile-before-change" is finished, it is too late to register completion condition "OS.File: flush I/O queued before profileBeforeChange"
JavaScript error: resource://gre/modules/AsyncShutdown.sys.mjs, line 727: Error: Phase "profile-before-change" is finished, it is too late to register completion condition "OS.File: flush I/O queued before profileBeforeChange"
1682139555207	geckodriver	INFO	Listening on 127.0.0.1:51116
1682139565178	mozrunner::runner	INFO	Running command: "/Applications/Firefox.app/Contents/MacOS/firefox-bin" "--marionette" "--headless" "--remote-debugging-port" ... s" "localhost" "-foreground" "-no-remote" "-profile" "/var/folders/zb/lcqftm5j4n1g6kkydhzwt05r0000gn/T/rust_mozprofileYFJGEa"
*** You are running in headless mode.
console.warn: services.settings: Ignoring preference override of remote settings server
console.warn: services.settings: Allow by setting MOZ_REMOTE_SETTINGS_DEVTOOLS=1 in the environment
1682139566504	Marionette	INFO	Marionette enabled
1682139566889	Marionette	INFO	Listening on port 51171
Read port: 51171
console.error: "Warning: unrecognized command line flag -remote-allow-hosts\n"
WebDriver BiDi listening on ws://127.0.0.1:51117
1682139567303	RemoteAgent	WARN	TLS certificate errors will be ignored for this session
[GFX1-]: RenderCompositorSWGL failed mapping default framebuffer, no dt
console.warn: SearchSettings: "get: No settings file exists, new profile?" (new NotFoundError("Could not open the file at /var/folders/zb/lcqftm5j4n1g6kkydhzwt05r0000gn/T/rust_mozprofileYFJGEa/search.json.mozlz4", (void 0)))
[ERROR glean_core] Error setting metrics feature config: Json(Error("EOF while parsing a value", line: 1, column: 0))
DevTools listening on ws://127.0.0.1:51117/devtools/browser/306afac0-5146-4496-b9be-750180eaf950
JavaScript error: http://owasp.local/wordpress/wp-includes/js/tinymce/tiny_mce_popup.js, line 98: TypeError: tinyMCE is null
JavaScript error: http://owasp.local/wordpress/wp-includes/js/tinymce/tiny_mce_popup.js, line 98: TypeError: tinyMCE is null
JavaScript error: http://owasp.local/wordpress/wp-includes/js/tinymce/tiny_mce_popup.js, line 98: TypeError: tinyMCE is null
JavaScript error: http://owasp.local/wordpress/wp-includes/js/tinymce/themes/advanced/jscripts/color_picker.js, line 83: TypeError: tinyMCE is null
JavaScript error: http://owasp.local/wordpress/wp-includes/js/tinymce/tiny_mce_popup.js, line 98: TypeError: tinyMCE is null
JavaScript warning: http://owasp.local/wordpress/wp-includes/js/tinymce/utils/form_utils.js, line 117: unreachable code after return statement
JavaScript error: http://owasp.local/wordpress/wp-includes/js/tinymce/themes/advanced/jscripts/image.js, line 1: TypeError: tinyMCE is null
JavaScript error: http://owasp.local/wordpress/wp-includes/js/tinymce/tiny_mce_popup.js, line 98: TypeError: tinyMCE is null
JavaScript warning: http://owasp.local/wordpress/wp-includes/js/tinymce/utils/form_utils.js, line 117: unreachable code after return statement
JavaScript error: http://owasp.local/wordpress/wp-includes/js/tinymce/themes/advanced/jscripts/link.js, line 1: TypeError: tinyMCE is null
JavaScript error: http://owasp.local/wordpress/wp-includes/js/tinymce/themes/advanced/link.htm, line 72: TypeError: tinyMCE is null
JavaScript error: http://owasp.local/wordpress/wp-includes/js/tinymce/tiny_mce_popup.js, line 98: TypeError: tinyMCE is null
JavaScript warning: http://owasp.local/wordpress/wp-includes/js/tinymce/themes/advanced/jscripts/source_editor.js, line 11: unreachable code after return statement
JavaScript error: http://owasp.local/wordpress/wp-includes/js/tinymce/themes/advanced/jscripts/source_editor.js, line 54: TypeError: tinyMCE is null
JavaScript error: http://owasp.local/wordpress/wp-includes/js/tinymce/tiny_mce_popup.js, line 98: TypeError: tinyMCE is null
1682139581999	Marionette	INFO	Stopped listening on port 51171
WARNING: A blocker encountered an error while we were waiting.
          Blocker:  Waiting for ping task
          Phase: TelemetryController: Waiting for pending ping activity
          State: (none)
WARNING: Error: Phase "profile-before-change" is finished, it is too late to register completion condition "OS.File: flush I/O queued before profileBeforeChange"
WARNING: addBlocker@resource://gre/modules/AsyncShutdown.sys.mjs:727:15
addBlocker@resource://gre/modules/AsyncShutdown.sys.mjs:523:26
addBlocker@resource://gre/modules/AsyncShutdown.sys.mjs:458:15
setupShutdown@resource://gre/modules/osfile/osfile_async_front.jsm:1548:28
@resource://gre/modules/osfile/osfile_async_front.jsm:1568:16
@resource://gre/modules/osfile.jsm:12:30
@resource://gre/modules/TelemetryStorage.sys.mjs:10:28
_checkPendingPings@resource://gre/modules/TelemetrySend.sys.mjs:863:17
setup@resource://gre/modules/TelemetrySend.sys.mjs:803:18
setup@resource://gre/modules/TelemetrySend.sys.mjs:241:30
setupTelemetry/this._delayedInitTask<@resource://gre/modules/TelemetryControllerParent.sys.mjs:824:36
observe@resource://gre/modules/AsyncShutdown.sys.mjs:576:16

console.error: "TelemetryScheduler.shutdown - Already shut down"
WARNING: A blocker encountered an error while we were waiting.
          Blocker:  Waiting for ping task
          Phase: TelemetryController: Waiting for pending ping activity
          State: (none)
WARNING: Error: Phase "profile-before-change" is finished, it is too late to register completion condition "OS.File: flush I/O queued before profileBeforeChange"
WARNING: addBlocker@resource://gre/modules/AsyncShutdown.sys.mjs:727:15
addBlocker@resource://gre/modules/AsyncShutdown.sys.mjs:523:26
addBlocker@resource://gre/modules/AsyncShutdown.sys.mjs:458:15
setupShutdown@resource://gre/modules/osfile/osfile_async_front.jsm:1548:28
@resource://gre/modules/osfile/osfile_async_front.jsm:1568:16
@resource://gre/modules/osfile.jsm:12:30
@resource://gre/modules/TelemetryStorage.sys.mjs:10:28
_checkPendingPings@resource://gre/modules/TelemetrySend.sys.mjs:863:17
setup@resource://gre/modules/TelemetrySend.sys.mjs:803:18
setup@resource://gre/modules/TelemetrySend.sys.mjs:241:30
setupTelemetry/this._delayedInitTask<@resource://gre/modules/TelemetryControllerParent.sys.mjs:824:36
observe@resource://gre/modules/AsyncShutdown.sys.mjs:576:16

WARNING: A blocker encountered an error while we were waiting.
          Blocker:  Waiting for ping task
          Phase: TelemetryController: Waiting for pending ping activity
          State: (none)
WARNING: Error: Phase "profile-before-change" is finished, it is too late to register completion condition "OS.File: flush I/O queued before profileBeforeChange"
WARNING: addBlocker@resource://gre/modules/AsyncShutdown.sys.mjs:727:15
addBlocker@resource://gre/modules/AsyncShutdown.sys.mjs:523:26
addBlocker@resource://gre/modules/AsyncShutdown.sys.mjs:458:15
setupShutdown@resource://gre/modules/osfile/osfile_async_front.jsm:1548:28
@resource://gre/modules/osfile/osfile_async_front.jsm:1568:16
@resource://gre/modules/osfile.jsm:12:30
@resource://gre/modules/TelemetryStorage.sys.mjs:10:28
_checkPendingPings@resource://gre/modules/TelemetrySend.sys.mjs:863:17
setup@resource://gre/modules/TelemetrySend.sys.mjs:803:18
setup@resource://gre/modules/TelemetrySend.sys.mjs:241:30
setupTelemetry/this._delayedInitTask<@resource://gre/modules/TelemetryControllerParent.sys.mjs:824:36
observe@resource://gre/modules/AsyncShutdown.sys.mjs:576:16

WARNING: A blocker encountered an error while we were waiting.
          Blocker:  TelemetryController: shutting down
          Phase: profile-before-change-telemetry
          State: Error getting state: Error: Phase "profile-before-change" is finished, it is too late to register completion condition "OS.File: flush I/O queued before profileBeforeChange" at addBlocker@resource://gre/modules/AsyncShutdown.sys.mjs:727:15
addBlocker@resource://gre/modules/AsyncShutdown.sys.mjs:523:26
addBlocker@resource://gre/modules/AsyncShutdown.sys.mjs:458:15
setupShutdown@resource://gre/modules/osfile/osfile_async_front.jsm:1548:28
@resource://gre/modules/osfile/osfile_async_front.jsm:1568:16
@resource://gre/modules/osfile.jsm:12:30
@resource://gre/modules/TelemetryStorage.sys.mjs:10:28
_checkPendingPings@resource://gre/modules/TelemetrySend.sys.mjs:863:17
setup@resource://gre/modules/TelemetrySend.sys.mjs:803:18
setup@resource://gre/modules/TelemetrySend.sys.mjs:241:30
setupTelemetry/this._delayedInitTask<@resource://gre/modules/TelemetryControllerParent.sys.mjs:824:36
observe@resource://gre/modules/AsyncShutdown.sys.mjs:576:16

WARNING: Error: Phase "profile-before-change" is finished, it is too late to register completion condition "OS.File: flush I/O queued before profileBeforeChange"
WARNING: addBlocker@resource://gre/modules/AsyncShutdown.sys.mjs:727:15
addBlocker@resource://gre/modules/AsyncShutdown.sys.mjs:523:26
addBlocker@resource://gre/modules/AsyncShutdown.sys.mjs:458:15
setupShutdown@resource://gre/modules/osfile/osfile_async_front.jsm:1548:28
@resource://gre/modules/osfile/osfile_async_front.jsm:1568:16
@resource://gre/modules/osfile.jsm:12:30
@resource://gre/modules/TelemetryStorage.sys.mjs:10:28
_checkPendingPings@resource://gre/modules/TelemetrySend.sys.mjs:863:17
setup@resource://gre/modules/TelemetrySend.sys.mjs:803:18
setup@resource://gre/modules/TelemetrySend.sys.mjs:241:30
setupTelemetry/this._delayedInitTask<@resource://gre/modules/TelemetryControllerParent.sys.mjs:824:36
observe@resource://gre/modules/AsyncShutdown.sys.mjs:576:16

JavaScript error: resource://gre/modules/AsyncShutdown.sys.mjs, line 727: Error: Phase "profile-before-change" is finished, it is too late to register completion condition "OS.File: flush I/O queued before profileBeforeChange"
JavaScript error: resource://gre/modules/AsyncShutdown.sys.mjs, line 727: Error: Phase "profile-before-change" is finished, it is too late to register completion condition "OS.File: flush I/O queued before profileBeforeChange"
JavaScript error: resource://gre/modules/AsyncShutdown.sys.mjs, line 727: Error: Phase "profile-before-change" is finished, it is too late to register completion condition "OS.File: flush I/O queued before profileBeforeChange"
JavaScript error: resource://gre/modules/AsyncShutdown.sys.mjs, line 727: Error: Phase "profile-before-change" is finished, it is too late to register completion condition "OS.File: flush I/O queued before profileBeforeChange"
JavaScript error: resource://gre/modules/AsyncShutdown.sys.mjs, line 727: Error: Phase "profile-before-change" is finished, it is too late to register completion condition "OS.File: flush I/O queued before profileBeforeChange"
JavaScript error: resource://gre/modules/AsyncShutdown.sys.mjs, line 727: Error: Phase "profile-before-change" is finished, it is too late to register completion condition "OS.File: flush I/O queued before profileBeforeChange"
1682148287449	geckodriver	INFO	Listening on 127.0.0.1:49859
1682148287532	mozrunner::runner	INFO	Running command: "/Applications/Firefox.app/Contents/MacOS/firefox-bin" "--marionette" "--headless" "--remote-debugging-port" ... s" "localhost" "-foreground" "-no-remote" "-profile" "/var/folders/zb/lcqftm5j4n1g6kkydhzwt05r0000gn/T/rust_mozprofileSWXOWT"
*** You are running in headless mode.
console.warn: services.settings: Ignoring preference override of remote settings server
console.warn: services.settings: Allow by setting MOZ_REMOTE_SETTINGS_DEVTOOLS=1 in the environment
1682148288740	Marionette	INFO	Marionette enabled
1682148289184	Marionette	INFO	Listening on port 49871
Read port: 49871
console.error: "Warning: unrecognized command line flag -remote-allow-hosts\n"
WebDriver BiDi listening on ws://127.0.0.1:49860
Read port: 49871
1682148290393	RemoteAgent	WARN	TLS certificate errors will be ignored for this session
[GFX1-]: RenderCompositorSWGL failed mapping default framebuffer, no dt
console.warn: SearchSettings: "get: No settings file exists, new profile?" (new NotFoundError("Could not open the file at /var/folders/zb/lcqftm5j4n1g6kkydhzwt05r0000gn/T/rust_mozprofileSWXOWT/search.json.mozlz4", (void 0)))
[ERROR glean_core] Error setting metrics feature config: Json(Error("EOF while parsing a value", line: 1, column: 0))
DevTools listening on ws://127.0.0.1:49860/devtools/browser/f2074fed-bf31-4436-b5c5-e509649343cb
JavaScript error: http://owasp.local/wordpress//wp-includes/js/tinymce/tiny_mce_popup.js, line 98: TypeError: tinyMCE is null
JavaScript error: http://owasp.local/wordpress//wp-includes/js/tinymce/tiny_mce_popup.js, line 98: TypeError: tinyMCE is null
JavaScript error: http://owasp.local/wordpress//wp-includes/js/tinymce/tiny_mce_popup.js, line 98: TypeError: tinyMCE is null
JavaScript error: http://owasp.local/wordpress//wp-includes/js/tinymce/themes/advanced/jscripts/color_picker.js, line 83: TypeError: tinyMCE is null
JavaScript error: http://owasp.local/wordpress//wp-includes/js/tinymce/tiny_mce_popup.js, line 98: TypeError: tinyMCE is null
JavaScript warning: http://owasp.local/wordpress//wp-includes/js/tinymce/utils/form_utils.js, line 117: unreachable code after return statement
JavaScript error: http://owasp.local/wordpress//wp-includes/js/tinymce/themes/advanced/jscripts/image.js, line 1: TypeError: tinyMCE is null
JavaScript error: http://owasp.local/wordpress//wp-includes/js/tinymce/tiny_mce_popup.js, line 98: TypeError: tinyMCE is null
JavaScript warning: http://owasp.local/wordpress//wp-includes/js/tinymce/utils/form_utils.js, line 117: unreachable code after return statement
JavaScript error: http://owasp.local/wordpress//wp-includes/js/tinymce/themes/advanced/jscripts/link.js, line 1: TypeError: tinyMCE is null
JavaScript error: http://owasp.local/wordpress//wp-includes/js/tinymce/themes/advanced/link.htm, line 72: TypeError: tinyMCE is null
JavaScript error: http://owasp.local/wordpress//wp-includes/js/tinymce/tiny_mce_popup.js, line 98: TypeError: tinyMCE is null
JavaScript warning: http://owasp.local/wordpress//wp-includes/js/tinymce/themes/advanced/jscripts/source_editor.js, line 11: unreachable code after return statement
JavaScript error: http://owasp.local/wordpress//wp-includes/js/tinymce/themes/advanced/jscripts/source_editor.js, line 54: TypeError: tinyMCE is null
JavaScript error: http://owasp.local/wordpress//wp-includes/js/tinymce/tiny_mce_popup.js, line 98: TypeError: tinyMCE is null
1682148303436	Marionette	INFO	Stopped listening on port 49871
WARNING: A blocker encountered an error while we were waiting.
          Blocker:  Waiting for ping task
          Phase: TelemetryController: Waiting for pending ping activity
          State: (none)
WARNING: Error: Phase "profile-before-change" is finished, it is too late to register completion condition "OS.File: flush I/O queued before profileBeforeChange"
WARNING: addBlocker@resource://gre/modules/AsyncShutdown.sys.mjs:727:15
addBlocker@resource://gre/modules/AsyncShutdown.sys.mjs:523:26
addBlocker@resource://gre/modules/AsyncShutdown.sys.mjs:458:15
setupShutdown@resource://gre/modules/osfile/osfile_async_front.jsm:1548:28
@resource://gre/modules/osfile/osfile_async_front.jsm:1568:16
@resource://gre/modules/osfile.jsm:12:30
@resource://gre/modules/TelemetryStorage.sys.mjs:10:28
_checkPendingPings@resource://gre/modules/TelemetrySend.sys.mjs:863:17
setup@resource://gre/modules/TelemetrySend.sys.mjs:803:18
setup@resource://gre/modules/TelemetrySend.sys.mjs:241:30
setupTelemetry/this._delayedInitTask<@resource://gre/modules/TelemetryControllerParent.sys.mjs:824:36
observe@resource://gre/modules/AsyncShutdown.sys.mjs:576:16

console.error: "TelemetryScheduler.shutdown - Already shut down"
WARNING: A blocker encountered an error while we were waiting.
          Blocker:  Waiting for ping task
          Phase: TelemetryController: Waiting for pending ping activity
          State: (none)
WARNING: Error: Phase "profile-before-change" is finished, it is too late to register completion condition "OS.File: flush I/O queued before profileBeforeChange"
WARNING: addBlocker@resource://gre/modules/AsyncShutdown.sys.mjs:727:15
addBlocker@resource://gre/modules/AsyncShutdown.sys.mjs:523:26
addBlocker@resource://gre/modules/AsyncShutdown.sys.mjs:458:15
setupShutdown@resource://gre/modules/osfile/osfile_async_front.jsm:1548:28
@resource://gre/modules/osfile/osfile_async_front.jsm:1568:16
@resource://gre/modules/osfile.jsm:12:30
@resource://gre/modules/TelemetryStorage.sys.mjs:10:28
_checkPendingPings@resource://gre/modules/TelemetrySend.sys.mjs:863:17
setup@resource://gre/modules/TelemetrySend.sys.mjs:803:18
setup@resource://gre/modules/TelemetrySend.sys.mjs:241:30
setupTelemetry/this._delayedInitTask<@resource://gre/modules/TelemetryControllerParent.sys.mjs:824:36
observe@resource://gre/modules/AsyncShutdown.sys.mjs:576:16

WARNING: A blocker encountered an error while we were waiting.
          Blocker:  Waiting for ping task
          Phase: TelemetryController: Waiting for pending ping activity
          State: (none)
WARNING: Error: Phase "profile-before-change" is finished, it is too late to register completion condition "OS.File: flush I/O queued before profileBeforeChange"
WARNING: addBlocker@resource://gre/modules/AsyncShutdown.sys.mjs:727:15
addBlocker@resource://gre/modules/AsyncShutdown.sys.mjs:523:26
addBlocker@resource://gre/modules/AsyncShutdown.sys.mjs:458:15
setupShutdown@resource://gre/modules/osfile/osfile_async_front.jsm:1548:28
@resource://gre/modules/osfile/osfile_async_front.jsm:1568:16
@resource://gre/modules/osfile.jsm:12:30
@resource://gre/modules/TelemetryStorage.sys.mjs:10:28
_checkPendingPings@resource://gre/modules/TelemetrySend.sys.mjs:863:17
setup@resource://gre/modules/TelemetrySend.sys.mjs:803:18
setup@resource://gre/modules/TelemetrySend.sys.mjs:241:30
setupTelemetry/this._delayedInitTask<@resource://gre/modules/TelemetryControllerParent.sys.mjs:824:36
observe@resource://gre/modules/AsyncShutdown.sys.mjs:576:16

WARNING: A blocker encountered an error while we were waiting.
          Blocker:  TelemetryController: shutting down
          Phase: profile-before-change-telemetry
          State: Error getting state: Error: Phase "profile-before-change" is finished, it is too late to register completion condition "OS.File: flush I/O queued before profileBeforeChange" at addBlocker@resource://gre/modules/AsyncShutdown.sys.mjs:727:15
addBlocker@resource://gre/modules/AsyncShutdown.sys.mjs:523:26
addBlocker@resource://gre/modules/AsyncShutdown.sys.mjs:458:15
setupShutdown@resource://gre/modules/osfile/osfile_async_front.jsm:1548:28
@resource://gre/modules/osfile/osfile_async_front.jsm:1568:16
@resource://gre/modules/osfile.jsm:12:30
@resource://gre/modules/TelemetryStorage.sys.mjs:10:28
_checkPendingPings@resource://gre/modules/TelemetrySend.sys.mjs:863:17
setup@resource://gre/modules/TelemetrySend.sys.mjs:803:18
setup@resource://gre/modules/TelemetrySend.sys.mjs:241:30
setupTelemetry/this._delayedInitTask<@resource://gre/modules/TelemetryControllerParent.sys.mjs:824:36
observe@resource://gre/modules/AsyncShutdown.sys.mjs:576:16

WARNING: Error: Phase "profile-before-change" is finished, it is too late to register completion condition "OS.File: flush I/O queued before profileBeforeChange"
WARNING: addBlocker@resource://gre/modules/AsyncShutdown.sys.mjs:727:15
addBlocker@resource://gre/modules/AsyncShutdown.sys.mjs:523:26
addBlocker@resource://gre/modules/AsyncShutdown.sys.mjs:458:15
setupShutdown@resource://gre/modules/osfile/osfile_async_front.jsm:1548:28
@resource://gre/modules/osfile/osfile_async_front.jsm:1568:16
@resource://gre/modules/osfile.jsm:12:30
@resource://gre/modules/TelemetryStorage.sys.mjs:10:28
_checkPendingPings@resource://gre/modules/TelemetrySend.sys.mjs:863:17
setup@resource://gre/modules/TelemetrySend.sys.mjs:803:18
setup@resource://gre/modules/TelemetrySend.sys.mjs:241:30
setupTelemetry/this._delayedInitTask<@resource://gre/modules/TelemetryControllerParent.sys.mjs:824:36
observe@resource://gre/modules/AsyncShutdown.sys.mjs:576:16

JavaScript error: resource://gre/modules/AsyncShutdown.sys.mjs, line 727: Error: Phase "profile-before-change" is finished, it is too late to register completion condition "OS.File: flush I/O queued before profileBeforeChange"
JavaScript error: resource://gre/modules/AsyncShutdown.sys.mjs, line 727: Error: Phase "profile-before-change" is finished, it is too late to register completion condition "OS.File: flush I/O queued before profileBeforeChange"
JavaScript error: resource://gre/modules/AsyncShutdown.sys.mjs, line 727: Error: Phase "profile-before-change" is finished, it is too late to register completion condition "OS.File: flush I/O queued before profileBeforeChange"
JavaScript error: resource://gre/modules/AsyncShutdown.sys.mjs, line 727: Error: Phase "profile-before-change" is finished, it is too late to register completion condition "OS.File: flush I/O queued before profileBeforeChange"
JavaScript error: resource://gre/modules/AsyncShutdown.sys.mjs, line 727: Error: Phase "profile-before-change" is finished, it is too late to register completion condition "OS.File: flush I/O queued before profileBeforeChange"
JavaScript error: resource://gre/modules/AsyncShutdown.sys.mjs, line 727: Error: Phase "profile-before-change" is finished, it is too late to register completion condition "OS.File: flush I/O queued before profileBeforeChange"
1682155252221	geckodriver	INFO	Listening on 127.0.0.1:60762
1682155252755	mozrunner::runner	INFO	Running command: "/Applications/Firefox.app/Contents/MacOS/firefox-bin" "--marionette" "--headless" "--remote-debugging-port" ... s" "localhost" "-foreground" "-no-remote" "-profile" "/var/folders/zb/lcqftm5j4n1g6kkydhzwt05r0000gn/T/rust_mozprofile1DmM6A"
*** You are running in headless mode.
console.warn: services.settings: Ignoring preference override of remote settings server
console.warn: services.settings: Allow by setting MOZ_REMOTE_SETTINGS_DEVTOOLS=1 in the environment
1682155255446	Marionette	INFO	Marionette enabled
1682155256055	Marionette	INFO	Listening on port 60786
Read port: 60786
console.error: "Warning: unrecognized command line flag -remote-allow-hosts\n"
Read port: 60786
WebDriver BiDi listening on ws://127.0.0.1:60763
1682155257516	RemoteAgent	WARN	TLS certificate errors will be ignored for this session
[GFX1-]: RenderCompositorSWGL failed mapping default framebuffer, no dt
console.warn: SearchSettings: "get: No settings file exists, new profile?" (new NotFoundError("Could not open the file at /var/folders/zb/lcqftm5j4n1g6kkydhzwt05r0000gn/T/rust_mozprofile1DmM6A/search.json.mozlz4", (void 0)))
[ERROR glean_core] Error setting metrics feature config: Json(Error("EOF while parsing a value", line: 1, column: 0))
DevTools listening on ws://127.0.0.1:60763/devtools/browser/115deb5e-ecb7-4a4b-b302-37f12e653816
1682155263679	Marionette	INFO	Stopped listening on port 60786
WARNING: A blocker encountered an error while we were waiting.
          Blocker:  Waiting for ping task
          Phase: TelemetryController: Waiting for pending ping activity
          State: (none)
WARNING: Error: Phase "profile-before-change" is finished, it is too late to register completion condition "OS.File: flush I/O queued before profileBeforeChange"
WARNING: addBlocker@resource://gre/modules/AsyncShutdown.sys.mjs:727:15
addBlocker@resource://gre/modules/AsyncShutdown.sys.mjs:523:26
addBlocker@resource://gre/modules/AsyncShutdown.sys.mjs:458:15
setupShutdown@resource://gre/modules/osfile/osfile_async_front.jsm:1548:28
@resource://gre/modules/osfile/osfile_async_front.jsm:1568:16
@resource://gre/modules/osfile.jsm:12:30
@resource://gre/modules/TelemetryStorage.sys.mjs:10:28
_checkPendingPings@resource://gre/modules/TelemetrySend.sys.mjs:863:17
setup@resource://gre/modules/TelemetrySend.sys.mjs:803:18
setup@resource://gre/modules/TelemetrySend.sys.mjs:241:30
setupTelemetry/this._delayedInitTask<@resource://gre/modules/TelemetryControllerParent.sys.mjs:824:36
observe@resource://gre/modules/AsyncShutdown.sys.mjs:576:16

console.error: "TelemetryScheduler.shutdown - Already shut down"
WARNING: A blocker encountered an error while we were waiting.
          Blocker:  Waiting for ping task
          Phase: TelemetryController: Waiting for pending ping activity
          State: (none)
WARNING: Error: Phase "profile-before-change" is finished, it is too late to register completion condition "OS.File: flush I/O queued before profileBeforeChange"
WARNING: addBlocker@resource://gre/modules/AsyncShutdown.sys.mjs:727:15
addBlocker@resource://gre/modules/AsyncShutdown.sys.mjs:523:26
addBlocker@resource://gre/modules/AsyncShutdown.sys.mjs:458:15
setupShutdown@resource://gre/modules/osfile/osfile_async_front.jsm:1548:28
@resource://gre/modules/osfile/osfile_async_front.jsm:1568:16
@resource://gre/modules/osfile.jsm:12:30
@resource://gre/modules/TelemetryStorage.sys.mjs:10:28
_checkPendingPings@resource://gre/modules/TelemetrySend.sys.mjs:863:17
setup@resource://gre/modules/TelemetrySend.sys.mjs:803:18
setup@resource://gre/modules/TelemetrySend.sys.mjs:241:30
setupTelemetry/this._delayedInitTask<@resource://gre/modules/TelemetryControllerParent.sys.mjs:824:36
observe@resource://gre/modules/AsyncShutdown.sys.mjs:576:16

WARNING: A blocker encountered an error while we were waiting.
          Blocker:  Waiting for ping task
          Phase: TelemetryController: Waiting for pending ping activity
          State: (none)
WARNING: Error: Phase "profile-before-change" is finished, it is too late to register completion condition "OS.File: flush I/O queued before profileBeforeChange"
WARNING: addBlocker@resource://gre/modules/AsyncShutdown.sys.mjs:727:15
addBlocker@resource://gre/modules/AsyncShutdown.sys.mjs:523:26
addBlocker@resource://gre/modules/AsyncShutdown.sys.mjs:458:15
setupShutdown@resource://gre/modules/osfile/osfile_async_front.jsm:1548:28
@resource://gre/modules/osfile/osfile_async_front.jsm:1568:16
@resource://gre/modules/osfile.jsm:12:30
@resource://gre/modules/TelemetryStorage.sys.mjs:10:28
_checkPendingPings@resource://gre/modules/TelemetrySend.sys.mjs:863:17
setup@resource://gre/modules/TelemetrySend.sys.mjs:803:18
setup@resource://gre/modules/TelemetrySend.sys.mjs:241:30
setupTelemetry/this._delayedInitTask<@resource://gre/modules/TelemetryControllerParent.sys.mjs:824:36
observe@resource://gre/modules/AsyncShutdown.sys.mjs:576:16

WARNING: A blocker encountered an error while we were waiting.
          Blocker:  TelemetryController: shutting down
          Phase: profile-before-change-telemetry
          State: Error getting state: Error: Phase "profile-before-change" is finished, it is too late to register completion condition "OS.File: flush I/O queued before profileBeforeChange" at addBlocker@resource://gre/modules/AsyncShutdown.sys.mjs:727:15
addBlocker@resource://gre/modules/AsyncShutdown.sys.mjs:523:26
addBlocker@resource://gre/modules/AsyncShutdown.sys.mjs:458:15
setupShutdown@resource://gre/modules/osfile/osfile_async_front.jsm:1548:28
@resource://gre/modules/osfile/osfile_async_front.jsm:1568:16
@resource://gre/modules/osfile.jsm:12:30
@resource://gre/modules/TelemetryStorage.sys.mjs:10:28
_checkPendingPings@resource://gre/modules/TelemetrySend.sys.mjs:863:17
setup@resource://gre/modules/TelemetrySend.sys.mjs:803:18
setup@resource://gre/modules/TelemetrySend.sys.mjs:241:30
setupTelemetry/this._delayedInitTask<@resource://gre/modules/TelemetryControllerParent.sys.mjs:824:36
observe@resource://gre/modules/AsyncShutdown.sys.mjs:576:16

WARNING: Error: Phase "profile-before-change" is finished, it is too late to register completion condition "OS.File: flush I/O queued before profileBeforeChange"
WARNING: addBlocker@resource://gre/modules/AsyncShutdown.sys.mjs:727:15
addBlocker@resource://gre/modules/AsyncShutdown.sys.mjs:523:26
addBlocker@resource://gre/modules/AsyncShutdown.sys.mjs:458:15
setupShutdown@resource://gre/modules/osfile/osfile_async_front.jsm:1548:28
@resource://gre/modules/osfile/osfile_async_front.jsm:1568:16
@resource://gre/modules/osfile.jsm:12:30
@resource://gre/modules/TelemetryStorage.sys.mjs:10:28
_checkPendingPings@resource://gre/modules/TelemetrySend.sys.mjs:863:17
setup@resource://gre/modules/TelemetrySend.sys.mjs:803:18
setup@resource://gre/modules/TelemetrySend.sys.mjs:241:30
setupTelemetry/this._delayedInitTask<@resource://gre/modules/TelemetryControllerParent.sys.mjs:824:36
observe@resource://gre/modules/AsyncShutdown.sys.mjs:576:16

JavaScript error: resource://gre/modules/AsyncShutdown.sys.mjs, line 727: Error: Phase "profile-before-change" is finished, it is too late to register completion condition "OS.File: flush I/O queued before profileBeforeChange"
JavaScript error: resource://gre/modules/AsyncShutdown.sys.mjs, line 727: Error: Phase "profile-before-change" is finished, it is too late to register completion condition "OS.File: flush I/O queued before profileBeforeChange"
JavaScript error: resource://gre/modules/AsyncShutdown.sys.mjs, line 727: Error: Phase "profile-before-change" is finished, it is too late to register completion condition "OS.File: flush I/O queued before profileBeforeChange"
JavaScript error: resource://gre/modules/AsyncShutdown.sys.mjs, line 727: Error: Phase "profile-before-change" is finished, it is too late to register completion condition "OS.File: flush I/O queued before profileBeforeChange"
JavaScript error: resource://gre/modules/AsyncShutdown.sys.mjs, line 727: Error: Phase "profile-before-change" is finished, it is too late to register completion condition "OS.File: flush I/O queued before profileBeforeChange"
JavaScript error: resource://gre/modules/AsyncShutdown.sys.mjs, line 727: Error: Phase "profile-before-change" is finished, it is too late to register completion condition "OS.File: flush I/O queued before profileBeforeChange"
1682159172184	geckodriver	INFO	Listening on 127.0.0.1:64009
1682159172687	mozrunner::runner	INFO	Running command: "/Applications/Firefox.app/Contents/MacOS/firefox-bin" "--marionette" "--headless" "--remote-debugging-port" ... s" "localhost" "-foreground" "-no-remote" "-profile" "/var/folders/zb/lcqftm5j4n1g6kkydhzwt05r0000gn/T/rust_mozprofile9SVzXg"
*** You are running in headless mode.
console.warn: services.settings: Ignoring preference override of remote settings server
console.warn: services.settings: Allow by setting MOZ_REMOTE_SETTINGS_DEVTOOLS=1 in the environment
1682159173840	Marionette	INFO	Marionette enabled
1682159174220	Marionette	INFO	Listening on port 64027
Read port: 64027
console.error: "Warning: unrecognized command line flag -remote-allow-hosts\n"
WebDriver BiDi listening on ws://127.0.0.1:64010
1682159174861	RemoteAgent	WARN	TLS certificate errors will be ignored for this session
[GFX1-]: RenderCompositorSWGL failed mapping default framebuffer, no dt
console.warn: SearchSettings: "get: No settings file exists, new profile?" (new NotFoundError("Could not open the file at /var/folders/zb/lcqftm5j4n1g6kkydhzwt05r0000gn/T/rust_mozprofile9SVzXg/search.json.mozlz4", (void 0)))
[ERROR glean_core] Error setting metrics feature config: Json(Error("EOF while parsing a value", line: 1, column: 0))
DevTools listening on ws://127.0.0.1:64010/devtools/browser/59d8f0b9-7176-4e46-a375-587488d1dbc7
1682159179711	Marionette	INFO	Stopped listening on port 64027
WARNING: A blocker encountered an error while we were waiting.
          Blocker:  Waiting for ping task
          Phase: TelemetryController: Waiting for pending ping activity
          State: (none)
WARNING: Error: Phase "profile-before-change" is finished, it is too late to register completion condition "OS.File: flush I/O queued before profileBeforeChange"
WARNING: addBlocker@resource://gre/modules/AsyncShutdown.sys.mjs:727:15
addBlocker@resource://gre/modules/AsyncShutdown.sys.mjs:523:26
addBlocker@resource://gre/modules/AsyncShutdown.sys.mjs:458:15
setupShutdown@resource://gre/modules/osfile/osfile_async_front.jsm:1548:28
@resource://gre/modules/osfile/osfile_async_front.jsm:1568:16
@resource://gre/modules/osfile.jsm:12:30
@resource://gre/modules/TelemetryStorage.sys.mjs:10:28
_checkPendingPings@resource://gre/modules/TelemetrySend.sys.mjs:863:17
setup@resource://gre/modules/TelemetrySend.sys.mjs:803:18
setup@resource://gre/modules/TelemetrySend.sys.mjs:241:30
setupTelemetry/this._delayedInitTask<@resource://gre/modules/TelemetryControllerParent.sys.mjs:824:36
observe@resource://gre/modules/AsyncShutdown.sys.mjs:576:16

console.error: "TelemetryScheduler.shutdown - Already shut down"
WARNING: A blocker encountered an error while we were waiting.
          Blocker:  Waiting for ping task
          Phase: TelemetryController: Waiting for pending ping activity
          State: (none)
WARNING: Error: Phase "profile-before-change" is finished, it is too late to register completion condition "OS.File: flush I/O queued before profileBeforeChange"
WARNING: addBlocker@resource://gre/modules/AsyncShutdown.sys.mjs:727:15
addBlocker@resource://gre/modules/AsyncShutdown.sys.mjs:523:26
addBlocker@resource://gre/modules/AsyncShutdown.sys.mjs:458:15
setupShutdown@resource://gre/modules/osfile/osfile_async_front.jsm:1548:28
@resource://gre/modules/osfile/osfile_async_front.jsm:1568:16
@resource://gre/modules/osfile.jsm:12:30
@resource://gre/modules/TelemetryStorage.sys.mjs:10:28
_checkPendingPings@resource://gre/modules/TelemetrySend.sys.mjs:863:17
setup@resource://gre/modules/TelemetrySend.sys.mjs:803:18
setup@resource://gre/modules/TelemetrySend.sys.mjs:241:30
setupTelemetry/this._delayedInitTask<@resource://gre/modules/TelemetryControllerParent.sys.mjs:824:36
observe@resource://gre/modules/AsyncShutdown.sys.mjs:576:16

WARNING: A blocker encountered an error while we were waiting.
          Blocker:  Waiting for ping task
          Phase: TelemetryController: Waiting for pending ping activity
          State: (none)
WARNING: Error: Phase "profile-before-change" is finished, it is too late to register completion condition "OS.File: flush I/O queued before profileBeforeChange"
WARNING: addBlocker@resource://gre/modules/AsyncShutdown.sys.mjs:727:15
addBlocker@resource://gre/modules/AsyncShutdown.sys.mjs:523:26
addBlocker@resource://gre/modules/AsyncShutdown.sys.mjs:458:15
setupShutdown@resource://gre/modules/osfile/osfile_async_front.jsm:1548:28
@resource://gre/modules/osfile/osfile_async_front.jsm:1568:16
@resource://gre/modules/osfile.jsm:12:30
@resource://gre/modules/TelemetryStorage.sys.mjs:10:28
_checkPendingPings@resource://gre/modules/TelemetrySend.sys.mjs:863:17
setup@resource://gre/modules/TelemetrySend.sys.mjs:803:18
setup@resource://gre/modules/TelemetrySend.sys.mjs:241:30
setupTelemetry/this._delayedInitTask<@resource://gre/modules/TelemetryControllerParent.sys.mjs:824:36
observe@resource://gre/modules/AsyncShutdown.sys.mjs:576:16

WARNING: A blocker encountered an error while we were waiting.
          Blocker:  TelemetryController: shutting down
          Phase: profile-before-change-telemetry
          State: Error getting state: Error: Phase "profile-before-change" is finished, it is too late to register completion condition "OS.File: flush I/O queued before profileBeforeChange" at addBlocker@resource://gre/modules/AsyncShutdown.sys.mjs:727:15
addBlocker@resource://gre/modules/AsyncShutdown.sys.mjs:523:26
addBlocker@resource://gre/modules/AsyncShutdown.sys.mjs:458:15
setupShutdown@resource://gre/modules/osfile/osfile_async_front.jsm:1548:28
@resource://gre/modules/osfile/osfile_async_front.jsm:1568:16
@resource://gre/modules/osfile.jsm:12:30
@resource://gre/modules/TelemetryStorage.sys.mjs:10:28
_checkPendingPings@resource://gre/modules/TelemetrySend.sys.mjs:863:17
setup@resource://gre/modules/TelemetrySend.sys.mjs:803:18
setup@resource://gre/modules/TelemetrySend.sys.mjs:241:30
setupTelemetry/this._delayedInitTask<@resource://gre/modules/TelemetryControllerParent.sys.mjs:824:36
observe@resource://gre/modules/AsyncShutdown.sys.mjs:576:16

WARNING: Error: Phase "profile-before-change" is finished, it is too late to register completion condition "OS.File: flush I/O queued before profileBeforeChange"
WARNING: addBlocker@resource://gre/modules/AsyncShutdown.sys.mjs:727:15
addBlocker@resource://gre/modules/AsyncShutdown.sys.mjs:523:26
addBlocker@resource://gre/modules/AsyncShutdown.sys.mjs:458:15
setupShutdown@resource://gre/modules/osfile/osfile_async_front.jsm:1548:28
@resource://gre/modules/osfile/osfile_async_front.jsm:1568:16
@resource://gre/modules/osfile.jsm:12:30
@resource://gre/modules/TelemetryStorage.sys.mjs:10:28
_checkPendingPings@resource://gre/modules/TelemetrySend.sys.mjs:863:17
setup@resource://gre/modules/TelemetrySend.sys.mjs:803:18
setup@resource://gre/modules/TelemetrySend.sys.mjs:241:30
setupTelemetry/this._delayedInitTask<@resource://gre/modules/TelemetryControllerParent.sys.mjs:824:36
observe@resource://gre/modules/AsyncShutdown.sys.mjs:576:16

JavaScript error: resource://gre/modules/AsyncShutdown.sys.mjs, line 727: Error: Phase "profile-before-change" is finished, it is too late to register completion condition "OS.File: flush I/O queued before profileBeforeChange"
JavaScript error: resource://gre/modules/AsyncShutdown.sys.mjs, line 727: Error: Phase "profile-before-change" is finished, it is too late to register completion condition "OS.File: flush I/O queued before profileBeforeChange"
JavaScript error: resource://gre/modules/AsyncShutdown.sys.mjs, line 727: Error: Phase "profile-before-change" is finished, it is too late to register completion condition "OS.File: flush I/O queued before profileBeforeChange"
JavaScript error: resource://gre/modules/AsyncShutdown.sys.mjs, line 727: Error: Phase "profile-before-change" is finished, it is too late to register completion condition "OS.File: flush I/O queued before profileBeforeChange"
JavaScript error: resource://gre/modules/AsyncShutdown.sys.mjs, line 727: Error: Phase "profile-before-change" is finished, it is too late to register completion condition "OS.File: flush I/O queued before profileBeforeChange"
JavaScript error: resource://gre/modules/AsyncShutdown.sys.mjs, line 727: Error: Phase "profile-before-change" is finished, it is too late to register completion condition "OS.File: flush I/O queued before profileBeforeChange"
1682166607573	geckodriver	INFO	Listening on 127.0.0.1:51768
1682166608099	mozrunner::runner	INFO	Running command: "/Applications/Firefox.app/Contents/MacOS/firefox-bin" "--marionette" "--headless" "--remote-debugging-port" ... s" "localhost" "-foreground" "-no-remote" "-profile" "/var/folders/zb/lcqftm5j4n1g6kkydhzwt05r0000gn/T/rust_mozprofileHZpEmT"
*** You are running in headless mode.
console.warn: services.settings: Ignoring preference override of remote settings server
console.warn: services.settings: Allow by setting MOZ_REMOTE_SETTINGS_DEVTOOLS=1 in the environment
1682166609868	Marionette	INFO	Marionette enabled
1682166610986	Marionette	INFO	Listening on port 51790
Read port: 51790
console.error: "Warning: unrecognized command line flag -remote-allow-hosts\n"
WebDriver BiDi listening on ws://127.0.0.1:51769
1682166611270	RemoteAgent	WARN	TLS certificate errors will be ignored for this session
[GFX1-]: RenderCompositorSWGL failed mapping default framebuffer, no dt
console.warn: SearchSettings: "get: No settings file exists, new profile?" (new NotFoundError("Could not open the file at /var/folders/zb/lcqftm5j4n1g6kkydhzwt05r0000gn/T/rust_mozprofileHZpEmT/search.json.mozlz4", (void 0)))
[ERROR glean_core] Error setting metrics feature config: Json(Error("EOF while parsing a value", line: 1, column: 0))
DevTools listening on ws://127.0.0.1:51769/devtools/browser/0fd3ba13-a72b-4336-96cb-aaf99d7ab58b
JavaScript warning: http://owasp.local/jquery.min.js, line 19: unreachable code after return statement
1682166634420	Marionette	INFO	Stopped listening on port 51790
WARNING: A blocker encountered an error while we were waiting.
          Blocker:  Waiting for ping task
          Phase: TelemetryController: Waiting for pending ping activity
          State: (none)
WARNING: Error: Phase "profile-before-change" is finished, it is too late to register completion condition "OS.File: flush I/O queued before profileBeforeChange"
WARNING: addBlocker@resource://gre/modules/AsyncShutdown.sys.mjs:727:15
addBlocker@resource://gre/modules/AsyncShutdown.sys.mjs:523:26
addBlocker@resource://gre/modules/AsyncShutdown.sys.mjs:458:15
setupShutdown@resource://gre/modules/osfile/osfile_async_front.jsm:1548:28
@resource://gre/modules/osfile/osfile_async_front.jsm:1568:16
@resource://gre/modules/osfile.jsm:12:30
@resource://gre/modules/TelemetryStorage.sys.mjs:10:28
_checkPendingPings@resource://gre/modules/TelemetrySend.sys.mjs:863:17
setup@resource://gre/modules/TelemetrySend.sys.mjs:803:18
setup@resource://gre/modules/TelemetrySend.sys.mjs:241:30
setupTelemetry/this._delayedInitTask<@resource://gre/modules/TelemetryControllerParent.sys.mjs:824:36
observe@resource://gre/modules/AsyncShutdown.sys.mjs:576:16

console.error: "TelemetryScheduler.shutdown - Already shut down"
WARNING: A blocker encountered an error while we were waiting.
          Blocker:  Waiting for ping task
          Phase: TelemetryController: Waiting for pending ping activity
          State: (none)
WARNING: Error: Phase "profile-before-change" is finished, it is too late to register completion condition "OS.File: flush I/O queued before profileBeforeChange"
WARNING: addBlocker@resource://gre/modules/AsyncShutdown.sys.mjs:727:15
addBlocker@resource://gre/modules/AsyncShutdown.sys.mjs:523:26
addBlocker@resource://gre/modules/AsyncShutdown.sys.mjs:458:15
setupShutdown@resource://gre/modules/osfile/osfile_async_front.jsm:1548:28
@resource://gre/modules/osfile/osfile_async_front.jsm:1568:16
@resource://gre/modules/osfile.jsm:12:30
@resource://gre/modules/TelemetryStorage.sys.mjs:10:28
_checkPendingPings@resource://gre/modules/TelemetrySend.sys.mjs:863:17
setup@resource://gre/modules/TelemetrySend.sys.mjs:803:18
setup@resource://gre/modules/TelemetrySend.sys.mjs:241:30
setupTelemetry/this._delayedInitTask<@resource://gre/modules/TelemetryControllerParent.sys.mjs:824:36
observe@resource://gre/modules/AsyncShutdown.sys.mjs:576:16

WARNING: A blocker encountered an error while we were waiting.
          Blocker:  Waiting for ping task
          Phase: TelemetryController: Waiting for pending ping activity
          State: (none)
WARNING: Error: Phase "profile-before-change" is finished, it is too late to register completion condition "OS.File: flush I/O queued before profileBeforeChange"
WARNING: addBlocker@resource://gre/modules/AsyncShutdown.sys.mjs:727:15
addBlocker@resource://gre/modules/AsyncShutdown.sys.mjs:523:26
addBlocker@resource://gre/modules/AsyncShutdown.sys.mjs:458:15
setupShutdown@resource://gre/modules/osfile/osfile_async_front.jsm:1548:28
@resource://gre/modules/osfile/osfile_async_front.jsm:1568:16
@resource://gre/modules/osfile.jsm:12:30
@resource://gre/modules/TelemetryStorage.sys.mjs:10:28
_checkPendingPings@resource://gre/modules/TelemetrySend.sys.mjs:863:17
setup@resource://gre/modules/TelemetrySend.sys.mjs:803:18
setup@resource://gre/modules/TelemetrySend.sys.mjs:241:30
setupTelemetry/this._delayedInitTask<@resource://gre/modules/TelemetryControllerParent.sys.mjs:824:36
observe@resource://gre/modules/AsyncShutdown.sys.mjs:576:16

WARNING: A blocker encountered an error while we were waiting.
          Blocker:  TelemetryController: shutting down
          Phase: profile-before-change-telemetry
          State: Error getting state: Error: Phase "profile-before-change" is finished, it is too late to register completion condition "OS.File: flush I/O queued before profileBeforeChange" at addBlocker@resource://gre/modules/AsyncShutdown.sys.mjs:727:15
addBlocker@resource://gre/modules/AsyncShutdown.sys.mjs:523:26
addBlocker@resource://gre/modules/AsyncShutdown.sys.mjs:458:15
setupShutdown@resource://gre/modules/osfile/osfile_async_front.jsm:1548:28
@resource://gre/modules/osfile/osfile_async_front.jsm:1568:16
@resource://gre/modules/osfile.jsm:12:30
@resource://gre/modules/TelemetryStorage.sys.mjs:10:28
_checkPendingPings@resource://gre/modules/TelemetrySend.sys.mjs:863:17
setup@resource://gre/modules/TelemetrySend.sys.mjs:803:18
setup@resource://gre/modules/TelemetrySend.sys.mjs:241:30
setupTelemetry/this._delayedInitTask<@resource://gre/modules/TelemetryControllerParent.sys.mjs:824:36
observe@resource://gre/modules/AsyncShutdown.sys.mjs:576:16

WARNING: Error: Phase "profile-before-change" is finished, it is too late to register completion condition "OS.File: flush I/O queued before profileBeforeChange"
WARNING: addBlocker@resource://gre/modules/AsyncShutdown.sys.mjs:727:15
addBlocker@resource://gre/modules/AsyncShutdown.sys.mjs:523:26
addBlocker@resource://gre/modules/AsyncShutdown.sys.mjs:458:15
setupShutdown@resource://gre/modules/osfile/osfile_async_front.jsm:1548:28
@resource://gre/modules/osfile/osfile_async_front.jsm:1568:16
@resource://gre/modules/osfile.jsm:12:30
@resource://gre/modules/TelemetryStorage.sys.mjs:10:28
_checkPendingPings@resource://gre/modules/TelemetrySend.sys.mjs:863:17
setup@resource://gre/modules/TelemetrySend.sys.mjs:803:18
setup@resource://gre/modules/TelemetrySend.sys.mjs:241:30
setupTelemetry/this._delayedInitTask<@resource://gre/modules/TelemetryControllerParent.sys.mjs:824:36
observe@resource://gre/modules/AsyncShutdown.sys.mjs:576:16

JavaScript error: resource://gre/modules/AsyncShutdown.sys.mjs, line 727: Error: Phase "profile-before-change" is finished, it is too late to register completion condition "OS.File: flush I/O queued before profileBeforeChange"
JavaScript error: resource://gre/modules/AsyncShutdown.sys.mjs, line 727: Error: Phase "profile-before-change" is finished, it is too late to register completion condition "OS.File: flush I/O queued before profileBeforeChange"
JavaScript error: resource://gre/modules/AsyncShutdown.sys.mjs, line 727: Error: Phase "profile-before-change" is finished, it is too late to register completion condition "OS.File: flush I/O queued before profileBeforeChange"
JavaScript error: resource://gre/modules/AsyncShutdown.sys.mjs, line 727: Error: Phase "profile-before-change" is finished, it is too late to register completion condition "OS.File: flush I/O queued before profileBeforeChange"
JavaScript error: resource://gre/modules/AsyncShutdown.sys.mjs, line 727: Error: Phase "profile-before-change" is finished, it is too late to register completion condition "OS.File: flush I/O queued before profileBeforeChange"
JavaScript error: resource://gre/modules/AsyncShutdown.sys.mjs, line 727: Error: Phase "profile-before-change" is finished, it is too late to register completion condition "OS.File: flush I/O queued before profileBeforeChange"
1682167131178	geckodriver	INFO	Listening on 127.0.0.1:55142
1682167131687	mozrunner::runner	INFO	Running command: "/Applications/Firefox.app/Contents/MacOS/firefox-bin" "--marionette" "--headless" "--remote-debugging-port" ... s" "localhost" "-foreground" "-no-remote" "-profile" "/var/folders/zb/lcqftm5j4n1g6kkydhzwt05r0000gn/T/rust_mozprofilez6V1YO"
*** You are running in headless mode.
console.warn: services.settings: Ignoring preference override of remote settings server
console.warn: services.settings: Allow by setting MOZ_REMOTE_SETTINGS_DEVTOOLS=1 in the environment
1682167132463	Marionette	INFO	Marionette enabled
1682167133148	Marionette	INFO	Listening on port 55156
Read port: 55156
console.error: "Warning: unrecognized command line flag -remote-allow-hosts\n"
WebDriver BiDi listening on ws://127.0.0.1:55143
1682167133298	RemoteAgent	WARN	TLS certificate errors will be ignored for this session
[GFX1-]: RenderCompositorSWGL failed mapping default framebuffer, no dt
console.warn: SearchSettings: "get: No settings file exists, new profile?" (new NotFoundError("Could not open the file at /var/folders/zb/lcqftm5j4n1g6kkydhzwt05r0000gn/T/rust_mozprofilez6V1YO/search.json.mozlz4", (void 0)))
[ERROR glean_core] Error setting metrics feature config: Json(Error("EOF while parsing a value", line: 1, column: 0))
DevTools listening on ws://127.0.0.1:55143/devtools/browser/7142e579-a127-48a4-b8ca-7ec5f0400172
JavaScript error: http://owasp.local/wordpress//wp-includes/js/tinymce/tiny_mce_popup.js, line 98: TypeError: tinyMCE is null
JavaScript error: http://owasp.local/wordpress//wp-includes/js/tinymce/tiny_mce_popup.js, line 98: TypeError: tinyMCE is null
JavaScript error: http://owasp.local/wordpress//wp-includes/js/tinymce/tiny_mce_popup.js, line 98: TypeError: tinyMCE is null
JavaScript error: http://owasp.local/wordpress//wp-includes/js/tinymce/themes/advanced/jscripts/color_picker.js, line 83: TypeError: tinyMCE is null
JavaScript error: http://owasp.local/wordpress//wp-includes/js/tinymce/tiny_mce_popup.js, line 98: TypeError: tinyMCE is null
JavaScript warning: http://owasp.local/wordpress//wp-includes/js/tinymce/utils/form_utils.js, line 117: unreachable code after return statement
JavaScript error: http://owasp.local/wordpress//wp-includes/js/tinymce/themes/advanced/jscripts/image.js, line 1: TypeError: tinyMCE is null
JavaScript error: http://owasp.local/wordpress//wp-includes/js/tinymce/tiny_mce_popup.js, line 98: TypeError: tinyMCE is null
JavaScript warning: http://owasp.local/wordpress//wp-includes/js/tinymce/utils/form_utils.js, line 117: unreachable code after return statement
JavaScript error: http://owasp.local/wordpress//wp-includes/js/tinymce/themes/advanced/jscripts/link.js, line 1: TypeError: tinyMCE is null
JavaScript error: http://owasp.local/wordpress//wp-includes/js/tinymce/themes/advanced/link.htm, line 72: TypeError: tinyMCE is null
JavaScript error: http://owasp.local/wordpress//wp-includes/js/tinymce/tiny_mce_popup.js, line 98: TypeError: tinyMCE is null
JavaScript warning: http://owasp.local/wordpress//wp-includes/js/tinymce/themes/advanced/jscripts/source_editor.js, line 11: unreachable code after return statement
JavaScript error: http://owasp.local/wordpress//wp-includes/js/tinymce/themes/advanced/jscripts/source_editor.js, line 54: TypeError: tinyMCE is null
JavaScript error: http://owasp.local/wordpress//wp-includes/js/tinymce/tiny_mce_popup.js, line 98: TypeError: tinyMCE is null
1682167145856	Marionette	INFO	Stopped listening on port 55156
WARNING: A blocker encountered an error while we were waiting.
          Blocker:  Waiting for ping task
          Phase: TelemetryController: Waiting for pending ping activity
          State: (none)
WARNING: Error: Phase "profile-before-change" is finished, it is too late to register completion condition "OS.File: flush I/O queued before profileBeforeChange"
WARNING: addBlocker@resource://gre/modules/AsyncShutdown.sys.mjs:727:15
addBlocker@resource://gre/modules/AsyncShutdown.sys.mjs:523:26
addBlocker@resource://gre/modules/AsyncShutdown.sys.mjs:458:15
setupShutdown@resource://gre/modules/osfile/osfile_async_front.jsm:1548:28
@resource://gre/modules/osfile/osfile_async_front.jsm:1568:16
@resource://gre/modules/osfile.jsm:12:30
@resource://gre/modules/TelemetryStorage.sys.mjs:10:28
_checkPendingPings@resource://gre/modules/TelemetrySend.sys.mjs:863:17
setup@resource://gre/modules/TelemetrySend.sys.mjs:803:18
setup@resource://gre/modules/TelemetrySend.sys.mjs:241:30
setupTelemetry/this._delayedInitTask<@resource://gre/modules/TelemetryControllerParent.sys.mjs:824:36
observe@resource://gre/modules/AsyncShutdown.sys.mjs:576:16

console.error: "TelemetryScheduler.shutdown - Already shut down"
WARNING: A blocker encountered an error while we were waiting.
          Blocker:  Waiting for ping task
          Phase: TelemetryController: Waiting for pending ping activity
          State: (none)
WARNING: Error: Phase "profile-before-change" is finished, it is too late to register completion condition "OS.File: flush I/O queued before profileBeforeChange"
WARNING: addBlocker@resource://gre/modules/AsyncShutdown.sys.mjs:727:15
addBlocker@resource://gre/modules/AsyncShutdown.sys.mjs:523:26
addBlocker@resource://gre/modules/AsyncShutdown.sys.mjs:458:15
setupShutdown@resource://gre/modules/osfile/osfile_async_front.jsm:1548:28
@resource://gre/modules/osfile/osfile_async_front.jsm:1568:16
@resource://gre/modules/osfile.jsm:12:30
@resource://gre/modules/TelemetryStorage.sys.mjs:10:28
_checkPendingPings@resource://gre/modules/TelemetrySend.sys.mjs:863:17
setup@resource://gre/modules/TelemetrySend.sys.mjs:803:18
setup@resource://gre/modules/TelemetrySend.sys.mjs:241:30
setupTelemetry/this._delayedInitTask<@resource://gre/modules/TelemetryControllerParent.sys.mjs:824:36
observe@resource://gre/modules/AsyncShutdown.sys.mjs:576:16

WARNING: A blocker encountered an error while we were waiting.
          Blocker:  Waiting for ping task
          Phase: TelemetryController: Waiting for pending ping activity
          State: (none)
WARNING: Error: Phase "profile-before-change" is finished, it is too late to register completion condition "OS.File: flush I/O queued before profileBeforeChange"
WARNING: addBlocker@resource://gre/modules/AsyncShutdown.sys.mjs:727:15
addBlocker@resource://gre/modules/AsyncShutdown.sys.mjs:523:26
addBlocker@resource://gre/modules/AsyncShutdown.sys.mjs:458:15
setupShutdown@resource://gre/modules/osfile/osfile_async_front.jsm:1548:28
@resource://gre/modules/osfile/osfile_async_front.jsm:1568:16
@resource://gre/modules/osfile.jsm:12:30
@resource://gre/modules/TelemetryStorage.sys.mjs:10:28
_checkPendingPings@resource://gre/modules/TelemetrySend.sys.mjs:863:17
setup@resource://gre/modules/TelemetrySend.sys.mjs:803:18
setup@resource://gre/modules/TelemetrySend.sys.mjs:241:30
setupTelemetry/this._delayedInitTask<@resource://gre/modules/TelemetryControllerParent.sys.mjs:824:36
observe@resource://gre/modules/AsyncShutdown.sys.mjs:576:16

WARNING: A blocker encountered an error while we were waiting.
          Blocker:  TelemetryController: shutting down
          Phase: profile-before-change-telemetry
          State: Error getting state: Error: Phase "profile-before-change" is finished, it is too late to register completion condition "OS.File: flush I/O queued before profileBeforeChange" at addBlocker@resource://gre/modules/AsyncShutdown.sys.mjs:727:15
addBlocker@resource://gre/modules/AsyncShutdown.sys.mjs:523:26
addBlocker@resource://gre/modules/AsyncShutdown.sys.mjs:458:15
setupShutdown@resource://gre/modules/osfile/osfile_async_front.jsm:1548:28
@resource://gre/modules/osfile/osfile_async_front.jsm:1568:16
@resource://gre/modules/osfile.jsm:12:30
@resource://gre/modules/TelemetryStorage.sys.mjs:10:28
_checkPendingPings@resource://gre/modules/TelemetrySend.sys.mjs:863:17
setup@resource://gre/modules/TelemetrySend.sys.mjs:803:18
setup@resource://gre/modules/TelemetrySend.sys.mjs:241:30
setupTelemetry/this._delayedInitTask<@resource://gre/modules/TelemetryControllerParent.sys.mjs:824:36
observe@resource://gre/modules/AsyncShutdown.sys.mjs:576:16

WARNING: Error: Phase "profile-before-change" is finished, it is too late to register completion condition "OS.File: flush I/O queued before profileBeforeChange"
WARNING: addBlocker@resource://gre/modules/AsyncShutdown.sys.mjs:727:15
addBlocker@resource://gre/modules/AsyncShutdown.sys.mjs:523:26
addBlocker@resource://gre/modules/AsyncShutdown.sys.mjs:458:15
setupShutdown@resource://gre/modules/osfile/osfile_async_front.jsm:1548:28
@resource://gre/modules/osfile/osfile_async_front.jsm:1568:16
@resource://gre/modules/osfile.jsm:12:30
@resource://gre/modules/TelemetryStorage.sys.mjs:10:28
_checkPendingPings@resource://gre/modules/TelemetrySend.sys.mjs:863:17
setup@resource://gre/modules/TelemetrySend.sys.mjs:803:18
setup@resource://gre/modules/TelemetrySend.sys.mjs:241:30
setupTelemetry/this._delayedInitTask<@resource://gre/modules/TelemetryControllerParent.sys.mjs:824:36
observe@resource://gre/modules/AsyncShutdown.sys.mjs:576:16

JavaScript error: resource://gre/modules/AsyncShutdown.sys.mjs, line 727: Error: Phase "profile-before-change" is finished, it is too late to register completion condition "OS.File: flush I/O queued before profileBeforeChange"
JavaScript error: resource://gre/modules/AsyncShutdown.sys.mjs, line 727: Error: Phase "profile-before-change" is finished, it is too late to register completion condition "OS.File: flush I/O queued before profileBeforeChange"
JavaScript error: resource://gre/modules/AsyncShutdown.sys.mjs, line 727: Error: Phase "profile-before-change" is finished, it is too late to register completion condition "OS.File: flush I/O queued before profileBeforeChange"
JavaScript error: resource://gre/modules/AsyncShutdown.sys.mjs, line 727: Error: Phase "profile-before-change" is finished, it is too late to register completion condition "OS.File: flush I/O queued before profileBeforeChange"
JavaScript error: resource://gre/modules/AsyncShutdown.sys.mjs, line 727: Error: Phase "profile-before-change" is finished, it is too late to register completion condition "OS.File: flush I/O queued before profileBeforeChange"
JavaScript error: resource://gre/modules/AsyncShutdown.sys.mjs, line 727: Error: Phase "profile-before-change" is finished, it is too late to register completion condition "OS.File: flush I/O queued before profileBeforeChange"
1682168889725	geckodriver	INFO	Listening on 127.0.0.1:64838
1682168890238	mozrunner::runner	INFO	Running command: "/Applications/Firefox.app/Contents/MacOS/firefox-bin" "--marionette" "--headless" "--remote-debugging-port" ... s" "localhost" "-foreground" "-no-remote" "-profile" "/var/folders/zb/lcqftm5j4n1g6kkydhzwt05r0000gn/T/rust_mozprofileFjs82i"
*** You are running in headless mode.
console.warn: services.settings: Ignoring preference override of remote settings server
console.warn: services.settings: Allow by setting MOZ_REMOTE_SETTINGS_DEVTOOLS=1 in the environment
1682168890787	Marionette	INFO	Marionette enabled
1682168891321	Marionette	INFO	Listening on port 64848
console.error: "Warning: unrecognized command line flag -remote-allow-hosts\n"
Read port: 64848
WebDriver BiDi listening on ws://127.0.0.1:64839
1682168891453	RemoteAgent	WARN	TLS certificate errors will be ignored for this session
[GFX1-]: RenderCompositorSWGL failed mapping default framebuffer, no dt
console.warn: SearchSettings: "get: No settings file exists, new profile?" (new NotFoundError("Could not open the file at /var/folders/zb/lcqftm5j4n1g6kkydhzwt05r0000gn/T/rust_mozprofileFjs82i/search.json.mozlz4", (void 0)))
[ERROR glean_core] Error setting metrics feature config: Json(Error("EOF while parsing a value", line: 1, column: 0))
DevTools listening on ws://127.0.0.1:64839/devtools/browser/2421c341-d8c4-43e2-9b00-76948366d1a6
JavaScript error: http://owasp.local/wordpress//wp-includes/js/tinymce/tiny_mce_popup.js, line 98: TypeError: tinyMCE is null
JavaScript error: http://owasp.local/wordpress//wp-includes/js/tinymce/tiny_mce_popup.js, line 98: TypeError: tinyMCE is null
JavaScript error: http://owasp.local/wordpress//wp-includes/js/tinymce/tiny_mce_popup.js, line 98: TypeError: tinyMCE is null
JavaScript error: http://owasp.local/wordpress//wp-includes/js/tinymce/themes/advanced/jscripts/color_picker.js, line 83: TypeError: tinyMCE is null
JavaScript error: http://owasp.local/wordpress//wp-includes/js/tinymce/tiny_mce_popup.js, line 98: TypeError: tinyMCE is null
JavaScript warning: http://owasp.local/wordpress//wp-includes/js/tinymce/utils/form_utils.js, line 117: unreachable code after return statement
JavaScript error: http://owasp.local/wordpress//wp-includes/js/tinymce/themes/advanced/jscripts/image.js, line 1: TypeError: tinyMCE is null
JavaScript error: http://owasp.local/wordpress//wp-includes/js/tinymce/tiny_mce_popup.js, line 98: TypeError: tinyMCE is null
JavaScript warning: http://owasp.local/wordpress//wp-includes/js/tinymce/utils/form_utils.js, line 117: unreachable code after return statement
JavaScript error: http://owasp.local/wordpress//wp-includes/js/tinymce/themes/advanced/jscripts/link.js, line 1: TypeError: tinyMCE is null
JavaScript error: http://owasp.local/wordpress//wp-includes/js/tinymce/themes/advanced/link.htm, line 72: TypeError: tinyMCE is null
JavaScript error: http://owasp.local/wordpress//wp-includes/js/tinymce/tiny_mce_popup.js, line 98: TypeError: tinyMCE is null
JavaScript warning: http://owasp.local/wordpress//wp-includes/js/tinymce/themes/advanced/jscripts/source_editor.js, line 11: unreachable code after return statement
JavaScript error: http://owasp.local/wordpress//wp-includes/js/tinymce/themes/advanced/jscripts/source_editor.js, line 54: TypeError: tinyMCE is null
JavaScript error: http://owasp.local/wordpress//wp-includes/js/tinymce/tiny_mce_popup.js, line 98: TypeError: tinyMCE is null
1682168902006	Marionette	INFO	Stopped listening on port 64848
WARNING: A blocker encountered an error while we were waiting.
          Blocker:  Waiting for ping task
          Phase: TelemetryController: Waiting for pending ping activity
          State: (none)
WARNING: Error: Phase "profile-before-change" is finished, it is too late to register completion condition "OS.File: flush I/O queued before profileBeforeChange"
WARNING: addBlocker@resource://gre/modules/AsyncShutdown.sys.mjs:727:15
addBlocker@resource://gre/modules/AsyncShutdown.sys.mjs:523:26
addBlocker@resource://gre/modules/AsyncShutdown.sys.mjs:458:15
setupShutdown@resource://gre/modules/osfile/osfile_async_front.jsm:1548:28
@resource://gre/modules/osfile/osfile_async_front.jsm:1568:16
@resource://gre/modules/osfile.jsm:12:30
@resource://gre/modules/TelemetryStorage.sys.mjs:10:28
_checkPendingPings@resource://gre/modules/TelemetrySend.sys.mjs:863:17
setup@resource://gre/modules/TelemetrySend.sys.mjs:803:18
setup@resource://gre/modules/TelemetrySend.sys.mjs:241:30
setupTelemetry/this._delayedInitTask<@resource://gre/modules/TelemetryControllerParent.sys.mjs:824:36
observe@resource://gre/modules/AsyncShutdown.sys.mjs:576:16

console.error: "TelemetryScheduler.shutdown - Already shut down"
WARNING: A blocker encountered an error while we were waiting.
          Blocker:  Waiting for ping task
          Phase: TelemetryController: Waiting for pending ping activity
          State: (none)
WARNING: Error: Phase "profile-before-change" is finished, it is too late to register completion condition "OS.File: flush I/O queued before profileBeforeChange"
WARNING: addBlocker@resource://gre/modules/AsyncShutdown.sys.mjs:727:15
addBlocker@resource://gre/modules/AsyncShutdown.sys.mjs:523:26
addBlocker@resource://gre/modules/AsyncShutdown.sys.mjs:458:15
setupShutdown@resource://gre/modules/osfile/osfile_async_front.jsm:1548:28
@resource://gre/modules/osfile/osfile_async_front.jsm:1568:16
@resource://gre/modules/osfile.jsm:12:30
@resource://gre/modules/TelemetryStorage.sys.mjs:10:28
_checkPendingPings@resource://gre/modules/TelemetrySend.sys.mjs:863:17
setup@resource://gre/modules/TelemetrySend.sys.mjs:803:18
setup@resource://gre/modules/TelemetrySend.sys.mjs:241:30
setupTelemetry/this._delayedInitTask<@resource://gre/modules/TelemetryControllerParent.sys.mjs:824:36
observe@resource://gre/modules/AsyncShutdown.sys.mjs:576:16

WARNING: A blocker encountered an error while we were waiting.
          Blocker:  Waiting for ping task
          Phase: TelemetryController: Waiting for pending ping activity
          State: (none)
WARNING: Error: Phase "profile-before-change" is finished, it is too late to register completion condition "OS.File: flush I/O queued before profileBeforeChange"
WARNING: addBlocker@resource://gre/modules/AsyncShutdown.sys.mjs:727:15
addBlocker@resource://gre/modules/AsyncShutdown.sys.mjs:523:26
addBlocker@resource://gre/modules/AsyncShutdown.sys.mjs:458:15
setupShutdown@resource://gre/modules/osfile/osfile_async_front.jsm:1548:28
@resource://gre/modules/osfile/osfile_async_front.jsm:1568:16
@resource://gre/modules/osfile.jsm:12:30
@resource://gre/modules/TelemetryStorage.sys.mjs:10:28
_checkPendingPings@resource://gre/modules/TelemetrySend.sys.mjs:863:17
setup@resource://gre/modules/TelemetrySend.sys.mjs:803:18
setup@resource://gre/modules/TelemetrySend.sys.mjs:241:30
setupTelemetry/this._delayedInitTask<@resource://gre/modules/TelemetryControllerParent.sys.mjs:824:36
observe@resource://gre/modules/AsyncShutdown.sys.mjs:576:16

WARNING: A blocker encountered an error while we were waiting.
          Blocker:  TelemetryController: shutting down
          Phase: profile-before-change-telemetry
          State: Error getting state: Error: Phase "profile-before-change" is finished, it is too late to register completion condition "OS.File: flush I/O queued before profileBeforeChange" at addBlocker@resource://gre/modules/AsyncShutdown.sys.mjs:727:15
addBlocker@resource://gre/modules/AsyncShutdown.sys.mjs:523:26
addBlocker@resource://gre/modules/AsyncShutdown.sys.mjs:458:15
setupShutdown@resource://gre/modules/osfile/osfile_async_front.jsm:1548:28
@resource://gre/modules/osfile/osfile_async_front.jsm:1568:16
@resource://gre/modules/osfile.jsm:12:30
@resource://gre/modules/TelemetryStorage.sys.mjs:10:28
_checkPendingPings@resource://gre/modules/TelemetrySend.sys.mjs:863:17
setup@resource://gre/modules/TelemetrySend.sys.mjs:803:18
setup@resource://gre/modules/TelemetrySend.sys.mjs:241:30
setupTelemetry/this._delayedInitTask<@resource://gre/modules/TelemetryControllerParent.sys.mjs:824:36
observe@resource://gre/modules/AsyncShutdown.sys.mjs:576:16

WARNING: Error: Phase "profile-before-change" is finished, it is too late to register completion condition "OS.File: flush I/O queued before profileBeforeChange"
WARNING: addBlocker@resource://gre/modules/AsyncShutdown.sys.mjs:727:15
addBlocker@resource://gre/modules/AsyncShutdown.sys.mjs:523:26
addBlocker@resource://gre/modules/AsyncShutdown.sys.mjs:458:15
setupShutdown@resource://gre/modules/osfile/osfile_async_front.jsm:1548:28
@resource://gre/modules/osfile/osfile_async_front.jsm:1568:16
@resource://gre/modules/osfile.jsm:12:30
@resource://gre/modules/TelemetryStorage.sys.mjs:10:28
_checkPendingPings@resource://gre/modules/TelemetrySend.sys.mjs:863:17
setup@resource://gre/modules/TelemetrySend.sys.mjs:803:18
setup@resource://gre/modules/TelemetrySend.sys.mjs:241:30
setupTelemetry/this._delayedInitTask<@resource://gre/modules/TelemetryControllerParent.sys.mjs:824:36
observe@resource://gre/modules/AsyncShutdown.sys.mjs:576:16

JavaScript error: resource://gre/modules/AsyncShutdown.sys.mjs, line 727: Error: Phase "profile-before-change" is finished, it is too late to register completion condition "OS.File: flush I/O queued before profileBeforeChange"
JavaScript error: resource://gre/modules/AsyncShutdown.sys.mjs, line 727: Error: Phase "profile-before-change" is finished, it is too late to register completion condition "OS.File: flush I/O queued before profileBeforeChange"
JavaScript error: resource://gre/modules/AsyncShutdown.sys.mjs, line 727: Error: Phase "profile-before-change" is finished, it is too late to register completion condition "OS.File: flush I/O queued before profileBeforeChange"
JavaScript error: resource://gre/modules/AsyncShutdown.sys.mjs, line 727: Error: Phase "profile-before-change" is finished, it is too late to register completion condition "OS.File: flush I/O queued before profileBeforeChange"
JavaScript error: resource://gre/modules/AsyncShutdown.sys.mjs, line 727: Error: Phase "profile-before-change" is finished, it is too late to register completion condition "OS.File: flush I/O queued before profileBeforeChange"
JavaScript error: resource://gre/modules/AsyncShutdown.sys.mjs, line 727: Error: Phase "profile-before-change" is finished, it is too late to register completion condition "OS.File: flush I/O queued before profileBeforeChange"
1682179554472	geckodriver	INFO	Listening on 127.0.0.1:57214
1682179554972	mozrunner::runner	INFO	Running command: "/Applications/Firefox.app/Contents/MacOS/firefox-bin" "--marionette" "--headless" "--remote-debugging-port" ... s" "localhost" "-foreground" "-no-remote" "-profile" "/var/folders/zb/lcqftm5j4n1g6kkydhzwt05r0000gn/T/rust_mozprofiletqkwO3"
*** You are running in headless mode.
console.warn: services.settings: Ignoring preference override of remote settings server
console.warn: services.settings: Allow by setting MOZ_REMOTE_SETTINGS_DEVTOOLS=1 in the environment
1682179556322	Marionette	INFO	Marionette enabled
1682179556940	Marionette	INFO	Listening on port 57230
Read port: 57230
console.error: "Warning: unrecognized command line flag -remote-allow-hosts\n"
WebDriver BiDi listening on ws://127.0.0.1:57215
1682179557901	RemoteAgent	WARN	TLS certificate errors will be ignored for this session
[GFX1-]: RenderCompositorSWGL failed mapping default framebuffer, no dt
console.warn: SearchSettings: "get: No settings file exists, new profile?" (new NotFoundError("Could not open the file at /var/folders/zb/lcqftm5j4n1g6kkydhzwt05r0000gn/T/rust_mozprofiletqkwO3/search.json.mozlz4", (void 0)))
[ERROR glean_core] Error setting metrics feature config: Json(Error("EOF while parsing a value", line: 1, column: 0))
DevTools listening on ws://127.0.0.1:57215/devtools/browser/b923fd0e-0a9a-4792-9ce1-ba0917a954b0
1682179564114	Marionette	INFO	Stopped listening on port 57230
WARNING: A blocker encountered an error while we were waiting.
          Blocker:  Waiting for ping task
          Phase: TelemetryController: Waiting for pending ping activity
          State: (none)
WARNING: Error: Phase "profile-before-change" is finished, it is too late to register completion condition "OS.File: flush I/O queued before profileBeforeChange"
WARNING: addBlocker@resource://gre/modules/AsyncShutdown.sys.mjs:727:15
addBlocker@resource://gre/modules/AsyncShutdown.sys.mjs:523:26
addBlocker@resource://gre/modules/AsyncShutdown.sys.mjs:458:15
setupShutdown@resource://gre/modules/osfile/osfile_async_front.jsm:1548:28
@resource://gre/modules/osfile/osfile_async_front.jsm:1568:16
@resource://gre/modules/osfile.jsm:12:30
@resource://gre/modules/TelemetryStorage.sys.mjs:10:28
_checkPendingPings@resource://gre/modules/TelemetrySend.sys.mjs:863:17
setup@resource://gre/modules/TelemetrySend.sys.mjs:803:18
setup@resource://gre/modules/TelemetrySend.sys.mjs:241:30
setupTelemetry/this._delayedInitTask<@resource://gre/modules/TelemetryControllerParent.sys.mjs:824:36
observe@resource://gre/modules/AsyncShutdown.sys.mjs:576:16

console.error: "TelemetryScheduler.shutdown - Already shut down"
WARNING: A blocker encountered an error while we were waiting.
          Blocker:  Waiting for ping task
          Phase: TelemetryController: Waiting for pending ping activity
          State: (none)
WARNING: Error: Phase "profile-before-change" is finished, it is too late to register completion condition "OS.File: flush I/O queued before profileBeforeChange"
WARNING: addBlocker@resource://gre/modules/AsyncShutdown.sys.mjs:727:15
addBlocker@resource://gre/modules/AsyncShutdown.sys.mjs:523:26
addBlocker@resource://gre/modules/AsyncShutdown.sys.mjs:458:15
setupShutdown@resource://gre/modules/osfile/osfile_async_front.jsm:1548:28
@resource://gre/modules/osfile/osfile_async_front.jsm:1568:16
@resource://gre/modules/osfile.jsm:12:30
@resource://gre/modules/TelemetryStorage.sys.mjs:10:28
_checkPendingPings@resource://gre/modules/TelemetrySend.sys.mjs:863:17
setup@resource://gre/modules/TelemetrySend.sys.mjs:803:18
setup@resource://gre/modules/TelemetrySend.sys.mjs:241:30
setupTelemetry/this._delayedInitTask<@resource://gre/modules/TelemetryControllerParent.sys.mjs:824:36
observe@resource://gre/modules/AsyncShutdown.sys.mjs:576:16

WARNING: A blocker encountered an error while we were waiting.
          Blocker:  Waiting for ping task
          Phase: TelemetryController: Waiting for pending ping activity
          State: (none)
WARNING: Error: Phase "profile-before-change" is finished, it is too late to register completion condition "OS.File: flush I/O queued before profileBeforeChange"
WARNING: addBlocker@resource://gre/modules/AsyncShutdown.sys.mjs:727:15
addBlocker@resource://gre/modules/AsyncShutdown.sys.mjs:523:26
addBlocker@resource://gre/modules/AsyncShutdown.sys.mjs:458:15
setupShutdown@resource://gre/modules/osfile/osfile_async_front.jsm:1548:28
@resource://gre/modules/osfile/osfile_async_front.jsm:1568:16
@resource://gre/modules/osfile.jsm:12:30
@resource://gre/modules/TelemetryStorage.sys.mjs:10:28
_checkPendingPings@resource://gre/modules/TelemetrySend.sys.mjs:863:17
setup@resource://gre/modules/TelemetrySend.sys.mjs:803:18
setup@resource://gre/modules/TelemetrySend.sys.mjs:241:30
setupTelemetry/this._delayedInitTask<@resource://gre/modules/TelemetryControllerParent.sys.mjs:824:36
observe@resource://gre/modules/AsyncShutdown.sys.mjs:576:16

WARNING: A blocker encountered an error while we were waiting.
          Blocker:  TelemetryController: shutting down
          Phase: profile-before-change-telemetry
          State: Error getting state: Error: Phase "profile-before-change" is finished, it is too late to register completion condition "OS.File: flush I/O queued before profileBeforeChange" at addBlocker@resource://gre/modules/AsyncShutdown.sys.mjs:727:15
addBlocker@resource://gre/modules/AsyncShutdown.sys.mjs:523:26
addBlocker@resource://gre/modules/AsyncShutdown.sys.mjs:458:15
setupShutdown@resource://gre/modules/osfile/osfile_async_front.jsm:1548:28
@resource://gre/modules/osfile/osfile_async_front.jsm:1568:16
@resource://gre/modules/osfile.jsm:12:30
@resource://gre/modules/TelemetryStorage.sys.mjs:10:28
_checkPendingPings@resource://gre/modules/TelemetrySend.sys.mjs:863:17
setup@resource://gre/modules/TelemetrySend.sys.mjs:803:18
setup@resource://gre/modules/TelemetrySend.sys.mjs:241:30
setupTelemetry/this._delayedInitTask<@resource://gre/modules/TelemetryControllerParent.sys.mjs:824:36
observe@resource://gre/modules/AsyncShutdown.sys.mjs:576:16

WARNING: Error: Phase "profile-before-change" is finished, it is too late to register completion condition "OS.File: flush I/O queued before profileBeforeChange"
WARNING: addBlocker@resource://gre/modules/AsyncShutdown.sys.mjs:727:15
addBlocker@resource://gre/modules/AsyncShutdown.sys.mjs:523:26
addBlocker@resource://gre/modules/AsyncShutdown.sys.mjs:458:15
setupShutdown@resource://gre/modules/osfile/osfile_async_front.jsm:1548:28
@resource://gre/modules/osfile/osfile_async_front.jsm:1568:16
@resource://gre/modules/osfile.jsm:12:30
@resource://gre/modules/TelemetryStorage.sys.mjs:10:28
_checkPendingPings@resource://gre/modules/TelemetrySend.sys.mjs:863:17
setup@resource://gre/modules/TelemetrySend.sys.mjs:803:18
setup@resource://gre/modules/TelemetrySend.sys.mjs:241:30
setupTelemetry/this._delayedInitTask<@resource://gre/modules/TelemetryControllerParent.sys.mjs:824:36
observe@resource://gre/modules/AsyncShutdown.sys.mjs:576:16

JavaScript error: resource://gre/modules/AsyncShutdown.sys.mjs, line 727: Error: Phase "profile-before-change" is finished, it is too late to register completion condition "OS.File: flush I/O queued before profileBeforeChange"
JavaScript error: resource://gre/modules/AsyncShutdown.sys.mjs, line 727: Error: Phase "profile-before-change" is finished, it is too late to register completion condition "OS.File: flush I/O queued before profileBeforeChange"
JavaScript error: resource://gre/modules/AsyncShutdown.sys.mjs, line 727: Error: Phase "profile-before-change" is finished, it is too late to register completion condition "OS.File: flush I/O queued before profileBeforeChange"
JavaScript error: resource://gre/modules/AsyncShutdown.sys.mjs, line 727: Error: Phase "profile-before-change" is finished, it is too late to register completion condition "OS.File: flush I/O queued before profileBeforeChange"
JavaScript error: resource://gre/modules/AsyncShutdown.sys.mjs, line 727: Error: Phase "profile-before-change" is finished, it is too late to register completion condition "OS.File: flush I/O queued before profileBeforeChange"
JavaScript error: resource://gre/modules/AsyncShutdown.sys.mjs, line 727: Error: Phase "profile-before-change" is finished, it is too late to register completion condition "OS.File: flush I/O queued before profileBeforeChange"
1682179700570	geckodriver	INFO	Listening on 127.0.0.1:59042
1682179701080	mozrunner::runner	INFO	Running command: "/Applications/Firefox.app/Contents/MacOS/firefox-bin" "--marionette" "--headless" "--remote-debugging-port" ... s" "localhost" "-foreground" "-no-remote" "-profile" "/var/folders/zb/lcqftm5j4n1g6kkydhzwt05r0000gn/T/rust_mozprofilerFQDrw"
*** You are running in headless mode.
console.warn: services.settings: Ignoring preference override of remote settings server
console.warn: services.settings: Allow by setting MOZ_REMOTE_SETTINGS_DEVTOOLS=1 in the environment
1682179702063	Marionette	INFO	Marionette enabled
1682179702556	Marionette	INFO	Listening on port 59057
Read port: 59057
console.error: "Warning: unrecognized command line flag -remote-allow-hosts\n"
WebDriver BiDi listening on ws://127.0.0.1:59043
Read port: 59057
1682179703976	RemoteAgent	WARN	TLS certificate errors will be ignored for this session
[GFX1-]: RenderCompositorSWGL failed mapping default framebuffer, no dt
console.warn: SearchSettings: "get: No settings file exists, new profile?" (new NotFoundError("Could not open the file at /var/folders/zb/lcqftm5j4n1g6kkydhzwt05r0000gn/T/rust_mozprofilerFQDrw/search.json.mozlz4", (void 0)))
[ERROR glean_core] Error setting metrics feature config: Json(Error("EOF while parsing a value", line: 1, column: 0))
DevTools listening on ws://127.0.0.1:59043/devtools/browser/3833c541-3a1d-414f-b364-8110dafb358a
1682179709275	Marionette	INFO	Stopped listening on port 59057
WARNING: A blocker encountered an error while we were waiting.
          Blocker:  Waiting for ping task
          Phase: TelemetryController: Waiting for pending ping activity
          State: (none)
WARNING: Error: Phase "profile-before-change" is finished, it is too late to register completion condition "OS.File: flush I/O queued before profileBeforeChange"
WARNING: addBlocker@resource://gre/modules/AsyncShutdown.sys.mjs:727:15
addBlocker@resource://gre/modules/AsyncShutdown.sys.mjs:523:26
addBlocker@resource://gre/modules/AsyncShutdown.sys.mjs:458:15
setupShutdown@resource://gre/modules/osfile/osfile_async_front.jsm:1548:28
@resource://gre/modules/osfile/osfile_async_front.jsm:1568:16
@resource://gre/modules/osfile.jsm:12:30
@resource://gre/modules/TelemetryStorage.sys.mjs:10:28
_checkPendingPings@resource://gre/modules/TelemetrySend.sys.mjs:863:17
setup@resource://gre/modules/TelemetrySend.sys.mjs:803:18
setup@resource://gre/modules/TelemetrySend.sys.mjs:241:30
setupTelemetry/this._delayedInitTask<@resource://gre/modules/TelemetryControllerParent.sys.mjs:824:36
observe@resource://gre/modules/AsyncShutdown.sys.mjs:576:16

console.error: "TelemetryScheduler.shutdown - Already shut down"
WARNING: A blocker encountered an error while we were waiting.
          Blocker:  Waiting for ping task
          Phase: TelemetryController: Waiting for pending ping activity
          State: (none)
WARNING: Error: Phase "profile-before-change" is finished, it is too late to register completion condition "OS.File: flush I/O queued before profileBeforeChange"
WARNING: addBlocker@resource://gre/modules/AsyncShutdown.sys.mjs:727:15
addBlocker@resource://gre/modules/AsyncShutdown.sys.mjs:523:26
addBlocker@resource://gre/modules/AsyncShutdown.sys.mjs:458:15
setupShutdown@resource://gre/modules/osfile/osfile_async_front.jsm:1548:28
@resource://gre/modules/osfile/osfile_async_front.jsm:1568:16
@resource://gre/modules/osfile.jsm:12:30
@resource://gre/modules/TelemetryStorage.sys.mjs:10:28
_checkPendingPings@resource://gre/modules/TelemetrySend.sys.mjs:863:17
setup@resource://gre/modules/TelemetrySend.sys.mjs:803:18
setup@resource://gre/modules/TelemetrySend.sys.mjs:241:30
setupTelemetry/this._delayedInitTask<@resource://gre/modules/TelemetryControllerParent.sys.mjs:824:36
observe@resource://gre/modules/AsyncShutdown.sys.mjs:576:16

WARNING: A blocker encountered an error while we were waiting.
          Blocker:  Waiting for ping task
          Phase: TelemetryController: Waiting for pending ping activity
          State: (none)
WARNING: Error: Phase "profile-before-change" is finished, it is too late to register completion condition "OS.File: flush I/O queued before profileBeforeChange"
WARNING: addBlocker@resource://gre/modules/AsyncShutdown.sys.mjs:727:15
addBlocker@resource://gre/modules/AsyncShutdown.sys.mjs:523:26
addBlocker@resource://gre/modules/AsyncShutdown.sys.mjs:458:15
setupShutdown@resource://gre/modules/osfile/osfile_async_front.jsm:1548:28
@resource://gre/modules/osfile/osfile_async_front.jsm:1568:16
@resource://gre/modules/osfile.jsm:12:30
@resource://gre/modules/TelemetryStorage.sys.mjs:10:28
_checkPendingPings@resource://gre/modules/TelemetrySend.sys.mjs:863:17
setup@resource://gre/modules/TelemetrySend.sys.mjs:803:18
setup@resource://gre/modules/TelemetrySend.sys.mjs:241:30
setupTelemetry/this._delayedInitTask<@resource://gre/modules/TelemetryControllerParent.sys.mjs:824:36
observe@resource://gre/modules/AsyncShutdown.sys.mjs:576:16

WARNING: A blocker encountered an error while we were waiting.
          Blocker:  TelemetryController: shutting down
          Phase: profile-before-change-telemetry
          State: Error getting state: Error: Phase "profile-before-change" is finished, it is too late to register completion condition "OS.File: flush I/O queued before profileBeforeChange" at addBlocker@resource://gre/modules/AsyncShutdown.sys.mjs:727:15
addBlocker@resource://gre/modules/AsyncShutdown.sys.mjs:523:26
addBlocker@resource://gre/modules/AsyncShutdown.sys.mjs:458:15
setupShutdown@resource://gre/modules/osfile/osfile_async_front.jsm:1548:28
@resource://gre/modules/osfile/osfile_async_front.jsm:1568:16
@resource://gre/modules/osfile.jsm:12:30
@resource://gre/modules/TelemetryStorage.sys.mjs:10:28
_checkPendingPings@resource://gre/modules/TelemetrySend.sys.mjs:863:17
setup@resource://gre/modules/TelemetrySend.sys.mjs:803:18
setup@resource://gre/modules/TelemetrySend.sys.mjs:241:30
setupTelemetry/this._delayedInitTask<@resource://gre/modules/TelemetryControllerParent.sys.mjs:824:36
observe@resource://gre/modules/AsyncShutdown.sys.mjs:576:16

WARNING: Error: Phase "profile-before-change" is finished, it is too late to register completion condition "OS.File: flush I/O queued before profileBeforeChange"
WARNING: addBlocker@resource://gre/modules/AsyncShutdown.sys.mjs:727:15
addBlocker@resource://gre/modules/AsyncShutdown.sys.mjs:523:26
addBlocker@resource://gre/modules/AsyncShutdown.sys.mjs:458:15
setupShutdown@resource://gre/modules/osfile/osfile_async_front.jsm:1548:28
@resource://gre/modules/osfile/osfile_async_front.jsm:1568:16
@resource://gre/modules/osfile.jsm:12:30
@resource://gre/modules/TelemetryStorage.sys.mjs:10:28
_checkPendingPings@resource://gre/modules/TelemetrySend.sys.mjs:863:17
setup@resource://gre/modules/TelemetrySend.sys.mjs:803:18
setup@resource://gre/modules/TelemetrySend.sys.mjs:241:30
setupTelemetry/this._delayedInitTask<@resource://gre/modules/TelemetryControllerParent.sys.mjs:824:36
observe@resource://gre/modules/AsyncShutdown.sys.mjs:576:16

JavaScript error: resource://gre/modules/AsyncShutdown.sys.mjs, line 727: Error: Phase "profile-before-change" is finished, it is too late to register completion condition "OS.File: flush I/O queued before profileBeforeChange"
JavaScript error: resource://gre/modules/AsyncShutdown.sys.mjs, line 727: Error: Phase "profile-before-change" is finished, it is too late to register completion condition "OS.File: flush I/O queued before profileBeforeChange"
JavaScript error: resource://gre/modules/AsyncShutdown.sys.mjs, line 727: Error: Phase "profile-before-change" is finished, it is too late to register completion condition "OS.File: flush I/O queued before profileBeforeChange"
JavaScript error: resource://gre/modules/AsyncShutdown.sys.mjs, line 727: Error: Phase "profile-before-change" is finished, it is too late to register completion condition "OS.File: flush I/O queued before profileBeforeChange"
JavaScript error: resource://gre/modules/AsyncShutdown.sys.mjs, line 727: Error: Phase "profile-before-change" is finished, it is too late to register completion condition "OS.File: flush I/O queued before profileBeforeChange"
JavaScript error: resource://gre/modules/AsyncShutdown.sys.mjs, line 727: Error: Phase "profile-before-change" is finished, it is too late to register completion condition "OS.File: flush I/O queued before profileBeforeChange"
1682180355284	geckodriver	INFO	Listening on 127.0.0.1:63148
1682180355796	mozrunner::runner	INFO	Running command: "/Applications/Firefox.app/Contents/MacOS/firefox-bin" "--marionette" "--headless" "--remote-debugging-port" ... s" "localhost" "-foreground" "-no-remote" "-profile" "/var/folders/zb/lcqftm5j4n1g6kkydhzwt05r0000gn/T/rust_mozprofileoNucBv"
*** You are running in headless mode.
console.warn: services.settings: Ignoring preference override of remote settings server
console.warn: services.settings: Allow by setting MOZ_REMOTE_SETTINGS_DEVTOOLS=1 in the environment
1682180356472	Marionette	INFO	Marionette enabled
1682180356861	Marionette	INFO	Listening on port 63164
Read port: 63164
console.error: "Warning: unrecognized command line flag -remote-allow-hosts\n"
WebDriver BiDi listening on ws://127.0.0.1:63149
1682180357554	RemoteAgent	WARN	TLS certificate errors will be ignored for this session
[GFX1-]: RenderCompositorSWGL failed mapping default framebuffer, no dt
console.warn: SearchSettings: "get: No settings file exists, new profile?" (new NotFoundError("Could not open the file at /var/folders/zb/lcqftm5j4n1g6kkydhzwt05r0000gn/T/rust_mozprofileoNucBv/search.json.mozlz4", (void 0)))
[ERROR glean_core] Error setting metrics feature config: Json(Error("EOF while parsing a value", line: 1, column: 0))
DevTools listening on ws://127.0.0.1:63149/devtools/browser/d63650e5-5057-4bce-ba25-127927264295
console.warn: LoginRecipes: "Falling back to a synchronous message for: http://xyz.chan2001.com."
1682180360472	Marionette	INFO	Stopped listening on port 63164
WARNING: A blocker encountered an error while we were waiting.
          Blocker:  Waiting for ping task
          Phase: TelemetryController: Waiting for pending ping activity
          State: (none)
WARNING: Error: Phase "profile-before-change" is finished, it is too late to register completion condition "OS.File: flush I/O queued before profileBeforeChange"
WARNING: addBlocker@resource://gre/modules/AsyncShutdown.sys.mjs:727:15
addBlocker@resource://gre/modules/AsyncShutdown.sys.mjs:523:26
addBlocker@resource://gre/modules/AsyncShutdown.sys.mjs:458:15
setupShutdown@resource://gre/modules/osfile/osfile_async_front.jsm:1548:28
@resource://gre/modules/osfile/osfile_async_front.jsm:1568:16
@resource://gre/modules/osfile.jsm:12:30
@resource://gre/modules/TelemetryStorage.sys.mjs:10:28
_checkPendingPings@resource://gre/modules/TelemetrySend.sys.mjs:863:17
setup@resource://gre/modules/TelemetrySend.sys.mjs:803:18
setup@resource://gre/modules/TelemetrySend.sys.mjs:241:30
setupTelemetry/this._delayedInitTask<@resource://gre/modules/TelemetryControllerParent.sys.mjs:824:36
observe@resource://gre/modules/AsyncShutdown.sys.mjs:576:16

console.error: "TelemetryScheduler.shutdown - Already shut down"
WARNING: A blocker encountered an error while we were waiting.
          Blocker:  Waiting for ping task
          Phase: TelemetryController: Waiting for pending ping activity
          State: (none)
WARNING: Error: Phase "profile-before-change" is finished, it is too late to register completion condition "OS.File: flush I/O queued before profileBeforeChange"
WARNING: addBlocker@resource://gre/modules/AsyncShutdown.sys.mjs:727:15
addBlocker@resource://gre/modules/AsyncShutdown.sys.mjs:523:26
addBlocker@resource://gre/modules/AsyncShutdown.sys.mjs:458:15
setupShutdown@resource://gre/modules/osfile/osfile_async_front.jsm:1548:28
@resource://gre/modules/osfile/osfile_async_front.jsm:1568:16
@resource://gre/modules/osfile.jsm:12:30
@resource://gre/modules/TelemetryStorage.sys.mjs:10:28
_checkPendingPings@resource://gre/modules/TelemetrySend.sys.mjs:863:17
setup@resource://gre/modules/TelemetrySend.sys.mjs:803:18
setup@resource://gre/modules/TelemetrySend.sys.mjs:241:30
setupTelemetry/this._delayedInitTask<@resource://gre/modules/TelemetryControllerParent.sys.mjs:824:36
observe@resource://gre/modules/AsyncShutdown.sys.mjs:576:16

WARNING: A blocker encountered an error while we were waiting.
          Blocker:  Waiting for ping task
          Phase: TelemetryController: Waiting for pending ping activity
          State: (none)
WARNING: Error: Phase "profile-before-change" is finished, it is too late to register completion condition "OS.File: flush I/O queued before profileBeforeChange"
WARNING: addBlocker@resource://gre/modules/AsyncShutdown.sys.mjs:727:15
addBlocker@resource://gre/modules/AsyncShutdown.sys.mjs:523:26
addBlocker@resource://gre/modules/AsyncShutdown.sys.mjs:458:15
setupShutdown@resource://gre/modules/osfile/osfile_async_front.jsm:1548:28
@resource://gre/modules/osfile/osfile_async_front.jsm:1568:16
@resource://gre/modules/osfile.jsm:12:30
@resource://gre/modules/TelemetryStorage.sys.mjs:10:28
_checkPendingPings@resource://gre/modules/TelemetrySend.sys.mjs:863:17
setup@resource://gre/modules/TelemetrySend.sys.mjs:803:18
setup@resource://gre/modules/TelemetrySend.sys.mjs:241:30
setupTelemetry/this._delayedInitTask<@resource://gre/modules/TelemetryControllerParent.sys.mjs:824:36
observe@resource://gre/modules/AsyncShutdown.sys.mjs:576:16

WARNING: A blocker encountered an error while we were waiting.
          Blocker:  TelemetryController: shutting down
          Phase: profile-before-change-telemetry
          State: Error getting state: Error: Phase "profile-before-change" is finished, it is too late to register completion condition "OS.File: flush I/O queued before profileBeforeChange" at addBlocker@resource://gre/modules/AsyncShutdown.sys.mjs:727:15
addBlocker@resource://gre/modules/AsyncShutdown.sys.mjs:523:26
addBlocker@resource://gre/modules/AsyncShutdown.sys.mjs:458:15
setupShutdown@resource://gre/modules/osfile/osfile_async_front.jsm:1548:28
@resource://gre/modules/osfile/osfile_async_front.jsm:1568:16
@resource://gre/modules/osfile.jsm:12:30
@resource://gre/modules/TelemetryStorage.sys.mjs:10:28
_checkPendingPings@resource://gre/modules/TelemetrySend.sys.mjs:863:17
setup@resource://gre/modules/TelemetrySend.sys.mjs:803:18
setup@resource://gre/modules/TelemetrySend.sys.mjs:241:30
setupTelemetry/this._delayedInitTask<@resource://gre/modules/TelemetryControllerParent.sys.mjs:824:36
observe@resource://gre/modules/AsyncShutdown.sys.mjs:576:16

WARNING: Error: Phase "profile-before-change" is finished, it is too late to register completion condition "OS.File: flush I/O queued before profileBeforeChange"
WARNING: addBlocker@resource://gre/modules/AsyncShutdown.sys.mjs:727:15
addBlocker@resource://gre/modules/AsyncShutdown.sys.mjs:523:26
addBlocker@resource://gre/modules/AsyncShutdown.sys.mjs:458:15
setupShutdown@resource://gre/modules/osfile/osfile_async_front.jsm:1548:28
@resource://gre/modules/osfile/osfile_async_front.jsm:1568:16
@resource://gre/modules/osfile.jsm:12:30
@resource://gre/modules/TelemetryStorage.sys.mjs:10:28
_checkPendingPings@resource://gre/modules/TelemetrySend.sys.mjs:863:17
setup@resource://gre/modules/TelemetrySend.sys.mjs:803:18
setup@resource://gre/modules/TelemetrySend.sys.mjs:241:30
setupTelemetry/this._delayedInitTask<@resource://gre/modules/TelemetryControllerParent.sys.mjs:824:36
observe@resource://gre/modules/AsyncShutdown.sys.mjs:576:16

JavaScript error: resource://gre/modules/AsyncShutdown.sys.mjs, line 727: Error: Phase "profile-before-change" is finished, it is too late to register completion condition "OS.File: flush I/O queued before profileBeforeChange"
JavaScript error: resource://gre/modules/AsyncShutdown.sys.mjs, line 727: Error: Phase "profile-before-change" is finished, it is too late to register completion condition "OS.File: flush I/O queued before profileBeforeChange"
JavaScript error: resource://gre/modules/AsyncShutdown.sys.mjs, line 727: Error: Phase "profile-before-change" is finished, it is too late to register completion condition "OS.File: flush I/O queued before profileBeforeChange"
JavaScript error: resource://gre/modules/AsyncShutdown.sys.mjs, line 727: Error: Phase "profile-before-change" is finished, it is too late to register completion condition "OS.File: flush I/O queued before profileBeforeChange"
JavaScript error: resource://gre/modules/AsyncShutdown.sys.mjs, line 727: Error: Phase "profile-before-change" is finished, it is too late to register completion condition "OS.File: flush I/O queued before profileBeforeChange"
JavaScript error: resource://gre/modules/AsyncShutdown.sys.mjs, line 727: Error: Phase "profile-before-change" is finished, it is too late to register completion condition "OS.File: flush I/O queued before profileBeforeChange"
1682182802099	geckodriver	INFO	Listening on 127.0.0.1:63532
1682182802575	mozrunner::runner	INFO	Running command: "/Applications/Firefox.app/Contents/MacOS/firefox-bin" "--marionette" "--headless" "--remote-debugging-port" ... s" "localhost" "-foreground" "-no-remote" "-profile" "/var/folders/zb/lcqftm5j4n1g6kkydhzwt05r0000gn/T/rust_mozprofilef1BP3i"
*** You are running in headless mode.
console.warn: services.settings: Ignoring preference override of remote settings server
console.warn: services.settings: Allow by setting MOZ_REMOTE_SETTINGS_DEVTOOLS=1 in the environment
1682182803850	Marionette	INFO	Marionette enabled
1682182804322	Marionette	INFO	Listening on port 63547
Read port: 63547
console.error: "Warning: unrecognized command line flag -remote-allow-hosts\n"
WebDriver BiDi listening on ws://127.0.0.1:63533
1682182805243	RemoteAgent	WARN	TLS certificate errors will be ignored for this session
[GFX1-]: RenderCompositorSWGL failed mapping default framebuffer, no dt
console.warn: SearchSettings: "get: No settings file exists, new profile?" (new NotFoundError("Could not open the file at /var/folders/zb/lcqftm5j4n1g6kkydhzwt05r0000gn/T/rust_mozprofilef1BP3i/search.json.mozlz4", (void 0)))
[ERROR glean_core] Error setting metrics feature config: Json(Error("EOF while parsing a value", line: 1, column: 0))
DevTools listening on ws://127.0.0.1:63533/devtools/browser/00223d49-b23f-4840-804c-302e0ba2183c
1682182811249	Marionette	INFO	Stopped listening on port 63547
WARNING: A blocker encountered an error while we were waiting.
          Blocker:  Waiting for ping task
          Phase: TelemetryController: Waiting for pending ping activity
          State: (none)
WARNING: Error: Phase "profile-before-change" is finished, it is too late to register completion condition "OS.File: flush I/O queued before profileBeforeChange"
WARNING: addBlocker@resource://gre/modules/AsyncShutdown.sys.mjs:727:15
addBlocker@resource://gre/modules/AsyncShutdown.sys.mjs:523:26
addBlocker@resource://gre/modules/AsyncShutdown.sys.mjs:458:15
setupShutdown@resource://gre/modules/osfile/osfile_async_front.jsm:1548:28
@resource://gre/modules/osfile/osfile_async_front.jsm:1568:16
@resource://gre/modules/osfile.jsm:12:30
@resource://gre/modules/TelemetryStorage.sys.mjs:10:28
_checkPendingPings@resource://gre/modules/TelemetrySend.sys.mjs:863:17
setup@resource://gre/modules/TelemetrySend.sys.mjs:803:18
setup@resource://gre/modules/TelemetrySend.sys.mjs:241:30
setupTelemetry/this._delayedInitTask<@resource://gre/modules/TelemetryControllerParent.sys.mjs:824:36
observe@resource://gre/modules/AsyncShutdown.sys.mjs:576:16

console.error: "TelemetryScheduler.shutdown - Already shut down"
WARNING: A blocker encountered an error while we were waiting.
          Blocker:  Waiting for ping task
          Phase: TelemetryController: Waiting for pending ping activity
          State: (none)
WARNING: Error: Phase "profile-before-change" is finished, it is too late to register completion condition "OS.File: flush I/O queued before profileBeforeChange"
WARNING: addBlocker@resource://gre/modules/AsyncShutdown.sys.mjs:727:15
addBlocker@resource://gre/modules/AsyncShutdown.sys.mjs:523:26
addBlocker@resource://gre/modules/AsyncShutdown.sys.mjs:458:15
setupShutdown@resource://gre/modules/osfile/osfile_async_front.jsm:1548:28
@resource://gre/modules/osfile/osfile_async_front.jsm:1568:16
@resource://gre/modules/osfile.jsm:12:30
@resource://gre/modules/TelemetryStorage.sys.mjs:10:28
_checkPendingPings@resource://gre/modules/TelemetrySend.sys.mjs:863:17
setup@resource://gre/modules/TelemetrySend.sys.mjs:803:18
setup@resource://gre/modules/TelemetrySend.sys.mjs:241:30
setupTelemetry/this._delayedInitTask<@resource://gre/modules/TelemetryControllerParent.sys.mjs:824:36
observe@resource://gre/modules/AsyncShutdown.sys.mjs:576:16

WARNING: A blocker encountered an error while we were waiting.
          Blocker:  Waiting for ping task
          Phase: TelemetryController: Waiting for pending ping activity
          State: (none)
WARNING: Error: Phase "profile-before-change" is finished, it is too late to register completion condition "OS.File: flush I/O queued before profileBeforeChange"
WARNING: addBlocker@resource://gre/modules/AsyncShutdown.sys.mjs:727:15
addBlocker@resource://gre/modules/AsyncShutdown.sys.mjs:523:26
addBlocker@resource://gre/modules/AsyncShutdown.sys.mjs:458:15
setupShutdown@resource://gre/modules/osfile/osfile_async_front.jsm:1548:28
@resource://gre/modules/osfile/osfile_async_front.jsm:1568:16
@resource://gre/modules/osfile.jsm:12:30
@resource://gre/modules/TelemetryStorage.sys.mjs:10:28
_checkPendingPings@resource://gre/modules/TelemetrySend.sys.mjs:863:17
setup@resource://gre/modules/TelemetrySend.sys.mjs:803:18
setup@resource://gre/modules/TelemetrySend.sys.mjs:241:30
setupTelemetry/this._delayedInitTask<@resource://gre/modules/TelemetryControllerParent.sys.mjs:824:36
observe@resource://gre/modules/AsyncShutdown.sys.mjs:576:16

WARNING: A blocker encountered an error while we were waiting.
          Blocker:  TelemetryController: shutting down
          Phase: profile-before-change-telemetry
          State: Error getting state: Error: Phase "profile-before-change" is finished, it is too late to register completion condition "OS.File: flush I/O queued before profileBeforeChange" at addBlocker@resource://gre/modules/AsyncShutdown.sys.mjs:727:15
addBlocker@resource://gre/modules/AsyncShutdown.sys.mjs:523:26
addBlocker@resource://gre/modules/AsyncShutdown.sys.mjs:458:15
setupShutdown@resource://gre/modules/osfile/osfile_async_front.jsm:1548:28
@resource://gre/modules/osfile/osfile_async_front.jsm:1568:16
@resource://gre/modules/osfile.jsm:12:30
@resource://gre/modules/TelemetryStorage.sys.mjs:10:28
_checkPendingPings@resource://gre/modules/TelemetrySend.sys.mjs:863:17
setup@resource://gre/modules/TelemetrySend.sys.mjs:803:18
setup@resource://gre/modules/TelemetrySend.sys.mjs:241:30
setupTelemetry/this._delayedInitTask<@resource://gre/modules/TelemetryControllerParent.sys.mjs:824:36
observe@resource://gre/modules/AsyncShutdown.sys.mjs:576:16

WARNING: Error: Phase "profile-before-change" is finished, it is too late to register completion condition "OS.File: flush I/O queued before profileBeforeChange"
WARNING: addBlocker@resource://gre/modules/AsyncShutdown.sys.mjs:727:15
addBlocker@resource://gre/modules/AsyncShutdown.sys.mjs:523:26
addBlocker@resource://gre/modules/AsyncShutdown.sys.mjs:458:15
setupShutdown@resource://gre/modules/osfile/osfile_async_front.jsm:1548:28
@resource://gre/modules/osfile/osfile_async_front.jsm:1568:16
@resource://gre/modules/osfile.jsm:12:30
@resource://gre/modules/TelemetryStorage.sys.mjs:10:28
_checkPendingPings@resource://gre/modules/TelemetrySend.sys.mjs:863:17
setup@resource://gre/modules/TelemetrySend.sys.mjs:803:18
setup@resource://gre/modules/TelemetrySend.sys.mjs:241:30
setupTelemetry/this._delayedInitTask<@resource://gre/modules/TelemetryControllerParent.sys.mjs:824:36
observe@resource://gre/modules/AsyncShutdown.sys.mjs:576:16

JavaScript error: resource://gre/modules/AsyncShutdown.sys.mjs, line 727: Error: Phase "profile-before-change" is finished, it is too late to register completion condition "OS.File: flush I/O queued before profileBeforeChange"
JavaScript error: resource://gre/modules/AsyncShutdown.sys.mjs, line 727: Error: Phase "profile-before-change" is finished, it is too late to register completion condition "OS.File: flush I/O queued before profileBeforeChange"
JavaScript error: resource://gre/modules/AsyncShutdown.sys.mjs, line 727: Error: Phase "profile-before-change" is finished, it is too late to register completion condition "OS.File: flush I/O queued before profileBeforeChange"
JavaScript error: resource://gre/modules/AsyncShutdown.sys.mjs, line 727: Error: Phase "profile-before-change" is finished, it is too late to register completion condition "OS.File: flush I/O queued before profileBeforeChange"
JavaScript error: resource://gre/modules/AsyncShutdown.sys.mjs, line 727: Error: Phase "profile-before-change" is finished, it is too late to register completion condition "OS.File: flush I/O queued before profileBeforeChange"
JavaScript error: resource://gre/modules/AsyncShutdown.sys.mjs, line 727: Error: Phase "profile-before-change" is finished, it is too late to register completion condition "OS.File: flush I/O queued before profileBeforeChange"
